Join Time,Leave Time,id
02-01-2024 12:13,02-01-2024 13:12,82832
02-01-2024 08:48,02-01-2024 08:48,82881
02-01-2024 08:48,02-01-2024 08:48,82796
02-01-2024 08:48,02-01-2024 08:48,82778
02-01-2024 08:48,02-01-2024 08:48,82664
02-01-2024 08:48,02-01-2024 08:48,82936
02-01-2024 08:48,02-01-2024 08:48,82992
02-01-2024 08:48,02-01-2024 13:09,82778
02-01-2024 08:48,02-01-2024 11:24,82664
02-01-2024 08:48,02-01-2024 09:36,82881
02-01-2024 08:48,02-01-2024 12:55,82796
02-01-2024 08:48,02-01-2024 13:10,82992
02-01-2024 08:48,02-01-2024 13:12,82936
02-01-2024 08:49,02-01-2024 08:50,82966
02-01-2024 08:49,02-01-2024 08:50,82962
02-01-2024 08:49,02-01-2024 08:50,82761
02-01-2024 08:50,02-01-2024 11:07,82962
02-01-2024 08:50,02-01-2024 12:58,82966
02-01-2024 08:50,02-01-2024 13:05,82761
02-01-2024 08:51,02-01-2024 08:51,83009
02-01-2024 08:51,02-01-2024 13:12,83009
02-01-2024 08:51,02-01-2024 08:51,82885
02-01-2024 08:51,02-01-2024 08:51,82953
02-01-2024 08:51,02-01-2024 11:56,82953
02-01-2024 08:51,02-01-2024 13:07,82885
02-01-2024 08:52,02-01-2024 08:52,83013
02-01-2024 08:52,02-01-2024 08:52,82786
02-01-2024 08:52,02-01-2024 09:10,83013
02-01-2024 08:52,02-01-2024 10:05,82786
02-01-2024 08:53,02-01-2024 08:53,82875
02-01-2024 08:53,02-01-2024 12:43,82875
02-01-2024 08:53,02-01-2024 08:55,82896
02-01-2024 08:54,02-01-2024 08:54,82985
02-01-2024 08:54,02-01-2024 08:54,82908
02-01-2024 08:54,02-01-2024 12:55,82985
02-01-2024 08:54,02-01-2024 13:12,82908
02-01-2024 08:54,02-01-2024 08:54,82893
02-01-2024 08:54,02-01-2024 13:05,82893
02-01-2024 08:55,02-01-2024 08:55,82741
02-01-2024 08:55,02-01-2024 08:55,82957
02-01-2024 08:55,02-01-2024 08:55,82779
02-01-2024 08:55,02-01-2024 08:55,82898
02-01-2024 08:55,02-01-2024 10:11,82779
02-01-2024 08:55,02-01-2024 08:55,82736
02-01-2024 08:55,02-01-2024 12:59,82741
02-01-2024 08:55,02-01-2024 12:15,82957
02-01-2024 08:55,02-01-2024 13:04,82736
02-01-2024 08:55,02-01-2024 08:55,83106
02-01-2024 08:55,02-01-2024 12:58,82898
02-01-2024 08:55,02-01-2024 08:55,82973
02-01-2024 08:55,02-01-2024 13:05,82973
02-01-2024 08:55,02-01-2024 08:56,82988
02-01-2024 08:55,02-01-2024 09:21,83106
02-01-2024 08:55,02-01-2024 08:56,82825
02-01-2024 08:56,02-01-2024 12:55,82988
02-01-2024 08:56,02-01-2024 09:20,82825
02-01-2024 08:56,02-01-2024 08:56,82748
02-01-2024 08:56,02-01-2024 08:56,82917
02-01-2024 08:56,02-01-2024 08:56,82801
02-01-2024 08:56,02-01-2024 10:11,82917
02-01-2024 08:56,02-01-2024 13:12,82748
02-01-2024 08:56,02-01-2024 09:06,82801
02-01-2024 08:57,02-01-2024 08:59,82946
02-01-2024 08:57,02-01-2024 08:59,82977
02-01-2024 08:57,02-01-2024 08:58,82932
02-01-2024 08:58,02-01-2024 13:08,82896
02-01-2024 08:58,02-01-2024 08:59,82867
02-01-2024 08:58,02-01-2024 08:59,82708
02-01-2024 08:58,02-01-2024 08:59,82999
02-01-2024 08:58,02-01-2024 08:59,82861
02-01-2024 08:58,02-01-2024 08:59,82947
02-01-2024 08:58,02-01-2024 08:59,83034
02-01-2024 08:59,02-01-2024 08:59,82932
02-01-2024 08:59,02-01-2024 13:08,82708
02-01-2024 08:59,02-01-2024 13:06,82977
02-01-2024 08:59,02-01-2024 11:13,82999
02-01-2024 08:59,02-01-2024 09:07,82946
02-01-2024 08:59,02-01-2024 10:27,82947
02-01-2024 08:59,02-01-2024 12:14,82867
02-01-2024 08:59,02-01-2024 12:32,82932
02-01-2024 08:59,02-01-2024 13:12,82861
02-01-2024 08:59,02-01-2024 12:58,83034
02-01-2024 08:59,02-01-2024 08:59,82848
02-01-2024 08:59,02-01-2024 08:59,82926
02-01-2024 08:59,02-01-2024 13:10,82848
02-01-2024 08:59,02-01-2024 13:09,82926
02-01-2024 08:59,02-01-2024 09:00,82785
02-01-2024 09:00,02-01-2024 09:00,82911
02-01-2024 09:00,02-01-2024 11:48,82785
02-01-2024 09:00,02-01-2024 12:37,82911
02-01-2024 09:00,02-01-2024 09:01,82998
02-01-2024 09:00,02-01-2024 09:01,82630
02-01-2024 09:01,02-01-2024 09:01,80676
02-01-2024 09:01,02-01-2024 13:10,82998
02-01-2024 09:01,02-01-2024 11:04,80676
02-01-2024 09:01,02-01-2024 11:25,82630
02-01-2024 09:01,02-01-2024 09:02,82703
02-01-2024 09:01,02-01-2024 09:02,82713
02-01-2024 09:02,02-01-2024 09:02,83046
02-01-2024 09:02,02-01-2024 13:07,83046
02-01-2024 09:02,02-01-2024 13:12,82703
02-01-2024 09:02,02-01-2024 12:55,82713
02-01-2024 09:02,02-01-2024 09:03,82657
02-01-2024 09:02,02-01-2024 09:03,82934
02-01-2024 09:03,02-01-2024 13:04,82657
02-01-2024 09:03,02-01-2024 11:05,82934
02-01-2024 09:03,02-01-2024 09:04,82803
02-01-2024 09:03,02-01-2024 09:03,82832
02-01-2024 09:03,02-01-2024 12:12,82832
02-01-2024 09:04,02-01-2024 09:36,82803
02-01-2024 09:04,02-01-2024 09:04,83080
02-01-2024 09:04,02-01-2024 09:09,83080
02-01-2024 09:04,02-01-2024 09:04,83027
02-01-2024 09:04,02-01-2024 11:12,83027
02-01-2024 09:04,02-01-2024 09:04,82975
02-01-2024 09:04,02-01-2024 09:05,83005
02-01-2024 09:05,02-01-2024 09:52,82975
02-01-2024 09:05,02-01-2024 10:50,83005
02-01-2024 09:06,02-01-2024 09:06,82793
02-01-2024 09:06,02-01-2024 11:04,82793
02-01-2024 09:10,02-01-2024 09:50,83013
02-01-2024 09:18,02-01-2024 09:18,83045
02-01-2024 09:18,02-01-2024 13:12,83045
02-01-2024 09:26,02-01-2024 09:26,82827
02-01-2024 09:26,02-01-2024 13:10,82827
02-01-2024 09:29,02-01-2024 09:29,82991
02-01-2024 09:29,02-01-2024 10:09,82991
02-01-2024 09:37,02-01-2024 09:37,82803
02-01-2024 09:37,02-01-2024 09:53,82803
02-01-2024 09:48,02-01-2024 09:48,82652
02-01-2024 09:48,02-01-2024 10:12,82652
02-01-2024 09:49,02-01-2024 09:49,82654
02-01-2024 09:49,02-01-2024 10:32,82654
02-01-2024 09:50,02-01-2024 11:00,83013
02-01-2024 10:09,02-01-2024 11:03,82991
02-01-2024 10:11,02-01-2024 11:12,82917
02-01-2024 10:20,02-01-2024 13:10,82786
02-01-2024 10:41,02-01-2024 10:41,83049
02-01-2024 10:41,02-01-2024 11:39,83049
02-01-2024 11:03,02-01-2024 11:03,83013
02-01-2024 11:03,02-01-2024 11:05,83013
02-01-2024 11:07,02-01-2024 13:12,82962
02-01-2024 11:12,02-01-2024 11:26,82917
02-01-2024 11:15,02-01-2024 12:05,82991
02-01-2024 11:24,02-01-2024 11:24,80676
02-01-2024 11:24,02-01-2024 13:08,82664
02-01-2024 11:24,02-01-2024 13:12,80676
02-01-2024 11:25,02-01-2024 11:25,82793
02-01-2024 11:25,02-01-2024 13:03,82793
02-01-2024 11:26,02-01-2024 11:26,83013
02-01-2024 11:26,02-01-2024 13:12,83013
02-01-2024 11:27,02-01-2024 11:28,82917
02-01-2024 11:28,02-01-2024 11:28,83005
02-01-2024 11:28,02-01-2024 12:37,83005
02-01-2024 11:29,02-01-2024 11:30,82999
02-01-2024 11:30,02-01-2024 13:05,82999
02-01-2024 11:31,02-01-2024 11:31,82934
02-01-2024 11:31,02-01-2024 12:58,82934
02-01-2024 11:40,02-01-2024 11:40,82630
02-01-2024 11:40,02-01-2024 12:00,82630
02-01-2024 11:45,02-01-2024 11:45,82654
02-01-2024 11:45,02-01-2024 12:38,82654
02-01-2024 11:58,02-01-2024 11:58,82953
02-01-2024 11:58,02-01-2024 13:12,82953
02-01-2024 12:05,02-01-2024 13:04,82991
02-01-2024 12:15,02-01-2024 12:17,82957
02-01-2024 12:20,02-01-2024 12:20,82957
02-01-2024 12:20,02-01-2024 13:05,82957
02-01-2024 13:09,02-01-2024 13:09,82736
02-01-2024 13:09,02-01-2024 13:12,82736
02-01-2024 13:11,02-01-2024 13:11,83046
02-01-2024 13:11,02-01-2024 13:12,83046
02-01-2024 09:10,02-01-2024 13:02,83080
02-01-2024 10:05,02-01-2024 10:20,82786
02-01-2024 11:04,02-01-2024 11:15,82991
02-01-2024 11:28,02-01-2024 13:12,82917
02-01-2024 12:33,02-01-2024 13:04,82932
01/30/2024 08:47:21 AM,01/30/2024 12:52:34 PM,82361485586
01/30/2024 10:42:05 AM,01/30/2024 12:51:19 PM,82796
01/30/2024 11:53:13 AM,01/30/2024 12:52:37 PM,82832
01/30/2024 08:47:28 AM,01/30/2024 08:47:53 AM,82825
01/30/2024 08:47:28 AM,01/30/2024 08:47:53 AM,82953
01/30/2024 08:47:29 AM,01/30/2024 08:47:53 AM,82861
01/30/2024 08:47:30 AM,01/30/2024 08:47:53 AM,82778
01/30/2024 08:47:32 AM,01/30/2024 08:47:51 AM,82875
01/30/2024 08:47:41 AM,01/30/2024 08:47:59 AM,82992
01/30/2024 08:47:51 AM,01/30/2024 12:52:34 PM,82875
01/30/2024 08:47:53 AM,01/30/2024 12:52:33 PM,82778
01/30/2024 08:47:54 AM,01/30/2024 12:52:34 PM,82953
01/30/2024 08:47:54 AM,01/30/2024 12:52:34 PM,82861
01/30/2024 08:47:54 AM,01/30/2024 12:52:34 PM,82825
01/30/2024 08:47:59 AM,01/30/2024 10:28:09 AM,82992
01/30/2024 08:48:17 AM,01/30/2024 08:48:51 AM,82893
01/30/2024 08:48:51 AM,01/30/2024 12:52:33 PM,82893
01/30/2024 08:49:33 AM,01/30/2024 12:52:34 PM,82962
01/30/2024 08:49:51 AM,01/30/2024 12:52:34 PM,82761
01/30/2024 08:50:25 AM,01/30/2024 08:51:05 AM,82906
01/30/2024 08:50:28 AM,01/30/2024 08:50:59 AM,83024
01/30/2024 08:50:50 AM,01/30/2024 08:51:06 AM,82885
01/30/2024 08:50:57 AM,01/30/2024 08:51:03 AM,827974
01/30/2024 08:51:00 AM,01/30/2024 11:11:41 AM,83024
01/30/2024 08:51:03 AM,01/30/2024 12:52:33 PM,827974
01/30/2024 08:51:06 AM,01/30/2024 11:39:59 AM,82906
01/30/2024 08:51:07 AM,01/30/2024 12:52:34 PM,82885
01/30/2024 08:51:44 AM,01/30/2024 08:51:58 AM,82708
01/30/2024 08:51:45 AM,01/30/2024 08:52:01 AM,82978
01/30/2024 08:51:51 AM,01/30/2024 08:51:58 AM,83046
01/30/2024 08:51:58 AM,01/30/2024 12:52:33 PM,83046
01/30/2024 08:51:58 AM,01/30/2024 12:52:33 PM,82708
01/30/2024 08:52:01 AM,01/30/2024 11:42:15 AM,82978
01/30/2024 08:52:08 AM,01/30/2024 08:52:17 AM,82959
01/30/2024 08:52:17 AM,01/30/2024 11:47:33 AM,82959
01/30/2024 08:52:56 AM,01/30/2024 08:53:34 AM,82703
01/30/2024 08:52:57 AM,01/30/2024 08:53:24 AM,82926
01/30/2024 08:53:05 AM,01/30/2024 08:53:22 AM,82711
01/30/2024 08:53:05 AM,01/30/2024 08:53:22 AM,83009
01/30/2024 08:53:23 AM,01/30/2024 09:09:09 AM,82711
01/30/2024 08:53:23 AM,01/30/2024 08:53:55 AM,82946
01/30/2024 08:53:23 AM,01/30/2024 12:52:33 PM,83009
01/30/2024 08:53:24 AM,01/30/2024 09:37:30 AM,82926
01/30/2024 08:53:35 AM,01/30/2024 10:05:44 AM,82703
01/30/2024 08:53:42 AM,01/30/2024 08:54:00 AM,82936
01/30/2024 08:53:50 AM,01/30/2024 08:53:59 AM,82999
01/30/2024 08:53:50 AM,01/30/2024 08:53:56 AM,82654
01/30/2024 08:53:56 AM,01/30/2024 12:29:30 PM,82946
01/30/2024 08:53:56 AM,01/30/2024 11:05:29 AM,82654
01/30/2024 08:53:59 AM,01/30/2024 10:03:02 AM,82999
01/30/2024 08:54:00 AM,01/30/2024 10:17:11 AM,82936
01/30/2024 08:54:02 AM,01/30/2024 08:54:16 AM,81542
01/30/2024 08:54:06 AM,01/30/2024 08:54:17 AM,82862
01/30/2024 08:54:16 AM,01/30/2024 12:52:34 PM,81542
01/30/2024 08:54:18 AM,01/30/2024 11:05:15 AM,82862
01/30/2024 08:54:55 AM,01/30/2024 08:55:12 AM,82831
01/30/2024 08:55:13 AM,01/30/2024 10:09:42 AM,82831
01/30/2024 08:55:30 AM,01/30/2024 08:55:40 AM,82920
01/30/2024 08:55:40 AM,01/30/2024 12:39:08 PM,82920
01/30/2024 08:55:44 AM,01/30/2024 08:55:58 AM,82848
01/30/2024 08:55:51 AM,01/30/2024 08:56:03 AM,82713
01/30/2024 08:55:55 AM,01/30/2024 08:56:06 AM,82865
01/30/2024 08:55:58 AM,01/30/2024 09:13:24 AM,82848
01/30/2024 08:56:04 AM,01/30/2024 08:57:57 AM,82713
01/30/2024 08:56:05 AM,01/30/2024 08:56:39 AM,82664
01/30/2024 08:56:07 AM,01/30/2024 12:54:34 PM,82865
01/30/2024 08:56:31 AM,01/30/2024 08:56:38 AM,82736
01/30/2024 08:56:34 AM,01/30/2024 08:56:44 AM,78996
01/30/2024 08:56:38 AM,01/30/2024 12:52:33 PM,82736
01/30/2024 08:56:40 AM,01/30/2024 12:51:58 PM,82664
01/30/2024 08:56:45 AM,01/30/2024 12:52:34 PM,78996
01/30/2024 08:56:58 AM,01/30/2024 08:57:23 AM,82793
01/30/2024 08:57:12 AM,01/30/2024 08:57:24 AM,82977
01/30/2024 08:57:18 AM,01/30/2024 08:57:27 AM,82882
01/30/2024 08:57:22 AM,01/30/2024 08:57:29 AM,82908
01/30/2024 08:57:23 AM,01/30/2024 08:58:53 AM,82793
01/30/2024 08:57:24 AM,01/30/2024 12:51:49 PM,82977
01/30/2024 08:57:29 AM,01/30/2024 12:52:33 PM,82908
01/30/2024 08:57:58 AM,01/30/2024 08:58:09 AM,81430
01/30/2024 08:58:09 AM,01/30/2024 09:03:57 AM,81430
01/30/2024 08:58:21 AM,01/30/2024 08:58:30 AM,82932
01/30/2024 08:58:26 AM,01/30/2024 08:58:41 AM,82785
01/30/2024 08:58:31 AM,01/30/2024 12:50:38 PM,82932
01/30/2024 08:58:33 AM,01/30/2024 08:59:26 AM,82796
01/30/2024 08:58:39 AM,01/30/2024 08:58:44 AM,82994
01/30/2024 08:58:41 AM,01/30/2024 12:38:22 PM,82785
01/30/2024 08:58:44 AM,01/30/2024 08:59:05 AM,82934
01/30/2024 08:58:44 AM,01/30/2024 12:52:33 PM,82994
01/30/2024 08:58:51 AM,01/30/2024 08:59:09 AM,81420
01/30/2024 08:59:04 AM,01/30/2024 08:59:17 AM,82989
01/30/2024 08:59:06 AM,01/30/2024 10:41:55 AM,82934
01/30/2024 08:59:07 AM,01/30/2024 08:59:18 AM,82705
01/30/2024 08:59:09 AM,01/30/2024 08:59:17 AM,82719
01/30/2024 08:59:09 AM,01/30/2024 09:51:35 AM,81420
01/30/2024 08:59:17 AM,01/30/2024 11:05:16 AM,82719
01/30/2024 08:59:18 AM,01/30/2024 12:52:34 PM,82989
01/30/2024 08:59:19 AM,01/30/2024 11:00:50 AM,82705
01/30/2024 08:59:27 AM,01/30/2024 08:59:36 AM,82786
01/30/2024 08:59:34 AM,01/30/2024 09:00:11 AM,82930
01/30/2024 08:59:37 AM,01/30/2024 09:04:40 AM,82786
01/30/2024 08:59:43 AM,01/30/2024 09:00:13 AM,82713
01/30/2024 08:59:54 AM,01/30/2024 09:00:16 AM,83034
01/30/2024 09:00:11 AM,01/30/2024 09:17:46 AM,82930
01/30/2024 09:00:13 AM,01/30/2024 09:25:49 AM,82713
01/30/2024 09:00:17 AM,01/30/2024 12:52:34 PM,83034
01/30/2024 09:00:30 AM,01/30/2024 09:00:43 AM,82917
01/30/2024 09:00:30 AM,01/30/2024 09:00:44 AM,82975
01/30/2024 09:00:44 AM,01/30/2024 12:52:34 PM,82911
01/30/2024 09:00:44 AM,01/30/2024 09:05:02 AM,82917
01/30/2024 09:00:44 AM,01/30/2024 09:16:29 AM,82975
01/30/2024 09:01:14 AM,01/30/2024 09:53:20 AM,81232
01/30/2024 09:01:19 AM,01/30/2024 11:05:41 AM,82741
01/30/2024 09:02:27 AM,01/30/2024 09:05:00 AM,82233
01/30/2024 09:03:06 AM,01/30/2024 11:12:57 AM,82803
01/30/2024 09:03:11 AM,01/30/2024 12:52:34 PM,82657
01/30/2024 09:03:21 AM,01/30/2024 09:06:39 AM,79034
01/30/2024 09:04:02 AM,01/30/2024 09:17:40 AM,81430
01/30/2024 09:04:18 AM,01/30/2024 09:26:00 AM,81446
01/30/2024 09:04:29 AM,01/30/2024 12:52:33 PM,82867
01/30/2024 09:04:31 AM,01/30/2024 11:52:19 AM,82779
01/30/2024 09:06:23 AM,01/30/2024 09:22:36 AM,82786
01/30/2024 09:06:26 AM,01/30/2024 12:52:33 PM,79916
01/30/2024 09:06:40 AM,01/30/2024 09:38:58 AM,78903
01/30/2024 09:06:45 AM,01/30/2024 10:31:03 AM,82832
01/30/2024 09:07:37 AM,01/30/2024 11:07:24 AM,79034
01/30/2024 09:08:14 AM,01/30/2024 11:05:33 AM,83005
01/30/2024 09:08:21 AM,01/30/2024 09:14:25 AM,80975
01/30/2024 09:08:45 AM,01/30/2024 11:50:17 AM,82370
01/30/2024 09:09:09 AM,01/30/2024 12:51:49 PM,82711
01/30/2024 09:10:10 AM,01/30/2024 12:52:33 PM,82998
01/30/2024 09:10:21 AM,01/30/2024 09:11:51 AM,82233
01/30/2024 09:10:26 AM,01/30/2024 11:05:21 AM,82704
01/30/2024 09:10:53 AM,01/30/2024 11:06:04 AM,81505
01/30/2024 09:11:43 AM,01/30/2024 10:37:00 AM,82032
01/30/2024 09:11:51 AM,01/30/2024 10:13:28 AM,82233
01/30/2024 09:12:37 AM,01/30/2024 12:52:30 PM,82917
01/30/2024 09:14:58 AM,01/30/2024 12:50:01 PM,82793
01/30/2024 09:14:59 AM,01/30/2024 12:51:12 PM,82848
01/30/2024 09:15:29 AM,01/30/2024 09:17:08 AM,80975
01/30/2024 09:16:10 AM,01/30/2024 11:23:02 AM,82440
01/30/2024 09:17:09 AM,01/30/2024 10:11:47 AM,81224
01/30/2024 09:17:24 AM,01/30/2024 09:17:41 AM,80975
01/30/2024 09:18:23 AM,01/30/2024 09:22:01 AM,80975
01/30/2024 09:22:41 AM,01/30/2024 09:34:23 AM,82786
01/30/2024 09:23:31 AM,01/30/2024 11:05:30 AM,82840
01/30/2024 09:25:50 AM,01/30/2024 09:35:17 AM,82713
01/30/2024 09:26:00 AM,01/30/2024 10:36:43 AM,81446
01/30/2024 09:27:19 AM,01/30/2024 09:50:23 AM,80676
01/30/2024 09:29:44 AM,01/30/2024 12:52:34 PM,83045
01/30/2024 09:34:31 AM,01/30/2024 12:52:33 PM,82786
01/30/2024 09:35:11 AM,01/30/2024 12:50:09 PM,82713
01/30/2024 09:37:42 AM,01/30/2024 09:40:56 AM,82926
01/30/2024 09:38:45 AM,01/30/2024 09:39:17 AM,82926
01/30/2024 09:39:10 AM,01/30/2024 10:23:18 AM,82926
01/30/2024 09:40:06 AM,01/30/2024 11:10:47 AM,82630
01/30/2024 09:40:18 AM,01/30/2024 11:06:07 AM,78903
01/30/2024 09:51:53 AM,01/30/2024 12:52:34 PM,81420
01/30/2024 09:59:38 AM,01/30/2024 10:12:09 AM,82061
01/30/2024 10:06:01 AM,01/30/2024 10:25:10 AM,82703
01/30/2024 10:11:59 AM,01/30/2024 10:17:43 AM,82991
01/30/2024 10:12:27 AM,01/30/2024 10:13:04 AM,82061
01/30/2024 10:12:52 AM,01/30/2024 10:13:24 AM,80849
01/30/2024 10:14:04 AM,01/30/2024 10:26:27 AM,80849
01/30/2024 10:18:14 AM,01/30/2024 10:29:13 AM,82991
01/30/2024 10:20:48 AM,01/30/2024 12:29:35 PM,82936
01/30/2024 10:23:19 AM,01/30/2024 12:52:34 PM,82926
01/30/2024 10:24:09 AM,01/30/2024 11:09:05 AM,82233
01/30/2024 10:25:10 AM,01/30/2024 12:52:34 PM,82703
01/30/2024 10:37:00 AM,01/30/2024 11:05:54 AM,82032
01/30/2024 10:37:22 AM,01/30/2024 11:26:24 AM,82832
01/30/2024 10:48:44 AM,01/30/2024 10:50:14 AM,82934
01/30/2024 10:56:44 AM,01/30/2024 10:57:33 AM,82991
01/30/2024 10:58:54 AM,01/30/2024 12:11:08 PM,82991
01/30/2024 11:05:54 AM,01/30/2024 12:52:34 PM,82741
01/30/2024 11:08:05 AM,01/30/2024 11:11:49 AM,82934
01/30/2024 11:14:08 AM,01/30/2024 12:52:34 PM,83024
01/30/2024 11:19:42 AM,01/30/2024 12:52:22 PM,82862
01/30/2024 11:20:12 AM,01/30/2024 11:54:15 AM,82882
01/30/2024 11:23:15 AM,01/30/2024 11:25:06 AM,82803
01/30/2024 11:23:25 AM,01/30/2024 11:46:20 AM,79034
01/30/2024 11:23:34 AM,01/30/2024 12:52:34 PM,82440
01/30/2024 11:24:18 AM,01/30/2024 12:52:34 PM,82233
01/30/2024 11:25:28 AM,01/30/2024 12:52:33 PM,82630
01/30/2024 11:26:02 AM,01/30/2024 12:34:19 PM,82032
01/30/2024 11:26:19 AM,01/30/2024 12:50:13 PM,82803
01/30/2024 11:26:24 AM,01/30/2024 11:53:12 AM,82832
01/30/2024 11:27:09 AM,01/30/2024 12:52:50 PM,78903
01/30/2024 11:29:33 AM,01/30/2024 12:48:36 PM,82704
01/30/2024 11:31:36 AM,01/30/2024 12:51:12 PM,82934
01/30/2024 11:34:37 AM,01/30/2024 12:50:26 PM,83005
01/30/2024 11:47:54 AM,01/30/2024 12:20:42 PM,79034
01/30/2024 12:14:31 PM,01/30/2024 12:15:25 PM,82654
01/30/2024 12:16:49 PM,01/30/2024 12:51:55 PM,82779
01/30/2024 12:20:47 PM,01/30/2024 12:35:00 PM,79034
01/30/2024 12:29:35 PM,01/30/2024 12:52:33 PM,82936
01/30/2024 12:33:05 PM,01/30/2024 12:45:55 PM,82930
01/30/2024 12:34:08 PM,01/30/2024 12:52:34 PM,81505
01/30/2024 12:35:27 PM,01/30/2024 12:50:18 PM,79034
01/30/2024 12:37:44 PM,01/30/2024 12:50:06 PM,82985
01/30/2024 12:39:44 PM,01/30/2024 12:52:34 PM,82654
01/30/2024 12:42:12 PM,01/30/2024 12:52:34 PM,81728
01/30/2024 08:59:28 AM,01/30/2024 10:41:04 AM,82796
01/30/2024 10:03:41 AM,01/30/2024 12:03:15 PM,82999
01/30/2024 10:34:41 AM,01/30/2024 12:52:37 PM,82992
01/30/2024 12:03:33 PM,01/30/2024 12:52:36 PM,82999
01/30/2024 10:28:13 AM,01/30/2024 10:34:37 AM,82992
01/31/2024 08:46:19 AM,01/31/2024 01:10:26 PM,85942791087
01/31/2024 08:47:38 AM,01/31/2024 08:47:48 AM,82785
01/31/2024 08:47:49 AM,01/31/2024 11:23:44 AM,82785
01/31/2024 08:48:10 AM,01/31/2024 08:48:20 AM,82861
01/31/2024 08:48:21 AM,01/31/2024 01:02:51 PM,82861
01/31/2024 08:50:00 AM,01/31/2024 08:50:08 AM,82881
01/31/2024 08:50:08 AM,01/31/2024 01:00:48 PM,82881
01/31/2024 08:50:45 AM,01/31/2024 08:50:53 AM,82992
01/31/2024 08:50:52 AM,01/31/2024 08:51:10 AM,82796
01/31/2024 08:50:53 AM,01/31/2024 12:55:05 PM,82992
01/31/2024 08:51:03 AM,01/31/2024 08:51:52 AM,80955
01/31/2024 08:51:10 AM,01/31/2024 12:57:50 PM,82796
01/31/2024 08:51:21 AM,01/31/2024 08:51:28 AM,83106
01/31/2024 08:51:28 AM,01/31/2024 12:57:45 PM,83106
01/31/2024 08:51:52 AM,01/31/2024 12:58:09 PM,80955
01/31/2024 08:52:47 AM,01/31/2024 08:53:02 AM,82988
01/31/2024 08:53:03 AM,01/31/2024 12:55:01 PM,82988
01/31/2024 08:53:32 AM,01/31/2024 08:53:40 AM,82962
01/31/2024 08:53:40 AM,01/31/2024 01:10:26 PM,82962
01/31/2024 08:53:48 AM,01/31/2024 08:54:32 AM,82999
01/31/2024 08:53:58 AM,01/31/2024 08:54:31 AM,82908
01/31/2024 08:54:27 AM,01/31/2024 08:55:28 AM,82893
01/31/2024 08:54:30 AM,01/31/2024 08:55:32 AM,83034
01/31/2024 08:54:31 AM,01/31/2024 01:10:25 PM,82908
01/31/2024 08:54:32 AM,01/31/2024 01:10:26 PM,82999
01/31/2024 08:54:41 AM,01/31/2024 08:55:24 AM,82930
01/31/2024 08:54:45 AM,01/31/2024 08:55:27 AM,82978
01/31/2024 08:54:50 AM,01/31/2024 08:55:48 AM,82896
01/31/2024 08:54:57 AM,01/31/2024 08:55:13 AM,82778
01/31/2024 08:55:23 AM,01/31/2024 08:56:21 AM,82778
01/31/2024 08:55:24 AM,01/31/2024 09:16:27 AM,82930
01/31/2024 08:55:28 AM,01/31/2024 09:34:50 AM,82978
01/31/2024 08:55:29 AM,01/31/2024 08:56:09 AM,83009
01/31/2024 08:55:29 AM,01/31/2024 01:03:19 PM,82893
01/31/2024 08:55:31 AM,01/31/2024 08:56:08 AM,82885
01/31/2024 08:55:33 AM,01/31/2024 09:15:25 AM,83034
01/31/2024 08:55:49 AM,01/31/2024 01:04:27 PM,82896
01/31/2024 08:56:09 AM,01/31/2024 01:10:26 PM,83009
01/31/2024 08:56:09 AM,01/31/2024 01:10:26 PM,82885
01/31/2024 08:56:14 AM,01/31/2024 08:56:57 AM,82867
01/31/2024 08:56:22 AM,01/31/2024 01:10:26 PM,82778
01/31/2024 08:56:48 AM,01/31/2024 08:56:59 AM,82741
01/31/2024 08:56:50 AM,01/31/2024 08:56:58 AM,82705
01/31/2024 08:56:58 AM,01/31/2024 01:10:26 PM,82867
01/31/2024 08:56:59 AM,01/31/2024 09:00:24 AM,82705
01/31/2024 08:56:59 AM,01/31/2024 10:17:19 AM,82741
01/31/2024 08:57:19 AM,01/31/2024 08:57:34 AM,82936
01/31/2024 08:57:34 AM,01/31/2024 08:57:44 AM,82664
01/31/2024 08:57:35 AM,01/31/2024 09:56:09 AM,82936
01/31/2024 08:57:45 AM,01/31/2024 09:02:22 AM,82664
01/31/2024 08:57:46 AM,01/31/2024 08:58:03 AM,82848
01/31/2024 08:58:00 AM,01/31/2024 08:58:16 AM,82657
01/31/2024 08:58:04 AM,01/31/2024 12:22:08 PM,82848
01/31/2024 08:58:08 AM,01/31/2024 08:58:15 AM,82920
01/31/2024 08:58:15 AM,01/31/2024 11:05:25 AM,82920
01/31/2024 08:58:17 AM,01/31/2024 12:23:17 PM,82657
01/31/2024 08:58:22 AM,01/31/2024 08:58:29 AM,82977
01/31/2024 08:58:29 AM,01/31/2024 01:02:31 PM,82977
01/31/2024 08:58:36 AM,01/31/2024 08:58:50 AM,82825
01/31/2024 08:58:51 AM,01/31/2024 09:32:33 AM,82825
01/31/2024 08:58:51 AM,01/31/2024 08:59:02 AM,82932
01/31/2024 08:58:52 AM,01/31/2024 08:59:02 AM,82946
01/31/2024 08:59:02 AM,01/31/2024 09:09:16 AM,82946
01/31/2024 08:59:03 AM,01/31/2024 01:00:30 PM,82932
01/31/2024 08:59:06 AM,01/31/2024 08:59:12 AM,82233
01/31/2024 08:59:12 AM,01/31/2024 11:02:23 AM,82233
01/31/2024 08:59:13 AM,01/31/2024 08:59:22 AM,83024
01/31/2024 08:59:22 AM,01/31/2024 12:05:21 PM,83024
01/31/2024 08:59:23 AM,01/31/2024 08:59:31 AM,82786
01/31/2024 08:59:31 AM,01/31/2024 08:59:39 AM,82911
01/31/2024 08:59:32 AM,01/31/2024 01:10:26 PM,82786
01/31/2024 08:59:39 AM,01/31/2024 01:04:09 PM,82911
01/31/2024 08:59:54 AM,01/31/2024 09:00:09 AM,82957
01/31/2024 09:00:01 AM,01/31/2024 09:00:46 AM,82630
01/31/2024 09:00:09 AM,01/31/2024 01:03:20 PM,82957
01/31/2024 09:00:12 AM,01/31/2024 09:00:32 AM,82736
01/31/2024 09:00:13 AM,01/31/2024 09:00:34 AM,82789
01/31/2024 09:00:20 AM,01/31/2024 09:00:30 AM,82875
01/31/2024 09:00:24 AM,01/31/2024 12:33:04 PM,82705
01/31/2024 09:00:25 AM,01/31/2024 09:00:34 AM,82917
01/31/2024 09:00:30 AM,01/31/2024 01:02:50 PM,82875
01/31/2024 09:00:33 AM,01/31/2024 01:10:26 PM,82736
01/31/2024 09:00:34 AM,01/31/2024 09:16:50 AM,82789
01/31/2024 09:00:35 AM,01/31/2024 09:35:23 AM,82917
01/31/2024 09:00:39 AM,01/31/2024 09:00:58 AM,82803
01/31/2024 09:00:47 AM,01/31/2024 09:08:51 AM,82630
01/31/2024 09:00:47 AM,01/31/2024 09:00:53 AM,82934
01/31/2024 09:00:53 AM,01/31/2024 09:01:07 AM,82761
01/31/2024 09:00:54 AM,01/31/2024 10:59:25 AM,82934
01/31/2024 09:00:59 AM,01/31/2024 10:21:07 AM,82803
01/31/2024 09:01:07 AM,01/31/2024 10:40:51 AM,82761
01/31/2024 09:01:23 AM,01/31/2024 09:01:39 AM,82713
01/31/2024 09:01:24 AM,01/31/2024 09:01:35 AM,82832
01/31/2024 09:01:36 AM,01/31/2024 11:44:17 AM,82832
01/31/2024 09:01:40 AM,01/31/2024 12:55:08 PM,82713
01/31/2024 09:01:42 AM,01/31/2024 09:01:53 AM,82748
01/31/2024 09:01:45 AM,01/31/2024 09:02:01 AM,80676
01/31/2024 09:01:54 AM,01/31/2024 01:04:30 PM,82748
01/31/2024 09:02:01 AM,01/31/2024 11:02:21 AM,80676
01/31/2024 09:02:13 AM,01/31/2024 09:02:23 AM,83080
01/31/2024 09:02:13 AM,01/31/2024 09:02:18 AM,82708
01/31/2024 09:02:18 AM,01/31/2024 01:10:25 PM,82708
01/31/2024 09:02:22 AM,01/31/2024 12:58:34 PM,82664
01/31/2024 09:02:23 AM,01/31/2024 01:10:16 PM,83080
01/31/2024 09:02:53 AM,01/31/2024 09:03:11 AM,82703
01/31/2024 09:03:12 AM,01/31/2024 11:05:53 AM,82703
01/31/2024 09:03:40 AM,01/31/2024 09:03:47 AM,82998
01/31/2024 09:03:44 AM,01/31/2024 09:03:57 AM,82779
01/31/2024 09:03:58 AM,01/31/2024 09:14:21 AM,82779
01/31/2024 09:05:24 AM,01/31/2024 09:05:28 AM,83046
01/31/2024 09:05:28 AM,01/31/2024 11:41:47 AM,83046
01/31/2024 09:05:35 AM,01/31/2024 09:05:45 AM,82898
01/31/2024 09:05:45 AM,01/31/2024 12:55:00 PM,82898
01/31/2024 09:06:59 AM,01/31/2024 09:07:16 AM,82926
01/31/2024 09:07:17 AM,01/31/2024 01:10:15 PM,82926
01/31/2024 09:08:58 AM,01/31/2024 10:42:09 AM,82630
01/31/2024 09:11:19 AM,01/31/2024 09:11:25 AM,82793
01/31/2024 09:11:25 AM,01/31/2024 11:15:09 AM,82793
01/31/2024 09:12:39 AM,01/31/2024 09:12:51 AM,78903
01/31/2024 09:12:58 AM,01/31/2024 09:13:02 AM,83049
01/31/2024 09:13:03 AM,01/31/2024 12:45:14 PM,83049
01/31/2024 09:16:15 AM,01/31/2024 09:16:25 AM,82652
01/31/2024 09:16:26 AM,01/31/2024 11:02:19 AM,82652
01/31/2024 09:16:48 AM,01/31/2024 09:16:55 AM,82779
01/31/2024 09:16:56 AM,01/31/2024 11:56:41 AM,82779
01/31/2024 09:18:44 AM,01/31/2024 09:18:50 AM,82985
01/31/2024 09:18:50 AM,01/31/2024 09:41:08 AM,82985
01/31/2024 09:20:07 AM,01/31/2024 09:20:20 AM,83034
01/31/2024 09:20:21 AM,01/31/2024 01:03:18 PM,83034
01/31/2024 09:24:31 AM,01/31/2024 09:24:41 AM,83013
01/31/2024 09:24:42 AM,01/31/2024 10:50:27 AM,83013
01/31/2024 09:57:32 AM,01/31/2024 09:57:41 AM,79208
01/31/2024 09:57:42 AM,01/31/2024 01:10:25 PM,79208
01/31/2024 10:13:49 AM,01/31/2024 10:13:53 AM,82827
01/31/2024 10:13:53 AM,01/31/2024 12:16:37 PM,82827
01/31/2024 10:17:19 AM,01/31/2024 01:10:25 PM,82741
01/31/2024 10:30:02 AM,01/31/2024 12:51:07 PM,82985
01/31/2024 10:33:06 AM,01/31/2024 10:33:20 AM,82713
01/31/2024 10:33:21 AM,01/31/2024 10:37:59 AM,82713
01/31/2024 10:42:28 AM,01/31/2024 11:02:37 AM,82630
01/31/2024 10:42:33 AM,01/31/2024 10:42:47 AM,82761
01/31/2024 10:42:48 AM,01/31/2024 01:10:26 PM,82761
01/31/2024 10:53:16 AM,01/31/2024 10:53:27 AM,78903
01/31/2024 10:53:28 AM,01/31/2024 11:02:43 AM,78903
01/31/2024 11:03:33 AM,01/31/2024 11:04:09 AM,82934
01/31/2024 11:05:27 AM,01/31/2024 11:05:46 AM,82934
01/31/2024 11:05:46 AM,01/31/2024 11:06:01 AM,82934
01/31/2024 11:05:59 AM,01/31/2024 01:10:27 PM,82703
01/31/2024 11:14:14 AM,01/31/2024 11:14:20 AM,82934
01/31/2024 11:14:21 AM,01/31/2024 11:20:46 AM,82934
01/31/2024 11:18:19 AM,01/31/2024 11:18:29 AM,82630
01/31/2024 11:18:29 AM,01/31/2024 12:16:32 PM,82630
01/31/2024 11:20:47 AM,01/31/2024 11:21:08 AM,78903
01/31/2024 11:21:09 AM,01/31/2024 12:33:34 PM,78903
01/31/2024 11:21:29 AM,01/31/2024 11:21:44 AM,80676
01/31/2024 11:21:45 AM,01/31/2024 01:10:26 PM,80676
01/31/2024 11:23:19 AM,01/31/2024 11:23:25 AM,82934
01/31/2024 11:23:26 AM,01/31/2024 11:58:57 AM,82934
01/31/2024 11:24:05 AM,01/31/2024 11:24:12 AM,82793
01/31/2024 11:24:13 AM,01/31/2024 12:36:38 PM,82793
01/31/2024 11:27:37 AM,01/31/2024 11:27:45 AM,83027
01/31/2024 11:27:45 AM,01/31/2024 01:10:22 PM,83027
01/31/2024 11:45:33 AM,01/31/2024 11:45:59 AM,82832
01/31/2024 11:48:55 AM,01/31/2024 11:49:05 AM,82832
01/31/2024 11:49:05 AM,01/31/2024 12:05:00 PM,82832
01/31/2024 11:59:33 AM,01/31/2024 11:59:57 AM,83045
01/31/2024 11:59:57 AM,01/31/2024 01:10:25 PM,83045
01/31/2024 12:00:12 PM,01/31/2024 12:00:19 PM,82934
01/31/2024 12:00:19 PM,01/31/2024 12:58:09 PM,82934
01/31/2024 12:05:01 PM,01/31/2024 12:29:55 PM,82832
01/31/2024 12:16:38 PM,01/31/2024 01:09:27 PM,82827
01/31/2024 12:23:30 PM,01/31/2024 12:35:40 PM,82657
01/31/2024 12:29:59 PM,01/31/2024 01:10:26 PM,82832
01/31/2024 12:30:57 PM,01/31/2024 12:31:07 PM,82630
01/31/2024 12:31:08 PM,01/31/2024 01:10:26 PM,82630
01/31/2024 12:33:47 PM,01/31/2024 12:34:34 PM,78903
01/31/2024 12:34:15 PM,01/31/2024 12:34:21 PM,82719
01/31/2024 12:34:21 PM,01/31/2024 01:10:25 PM,82719
01/31/2024 12:37:41 PM,01/31/2024 12:37:50 PM,78903
01/31/2024 12:37:51 PM,01/31/2024 12:43:54 PM,78903
01/31/2024 12:48:20 PM,01/31/2024 01:06:04 PM,83046
01/31/2024 09:35:53 AM,01/31/2024 09:41:55 AM,82917
01/31/2024 09:41:36 AM,01/31/2024 10:30:02 AM,82985
01/31/2024 09:42:27 AM,01/31/2024 12:55:52 PM,82917
01/31/2024 11:41:48 AM,01/31/2024 12:47:58 PM,83046
01/31/2024 12:22:09 PM,01/31/2024 01:09:58 PM,82848
01/31/2024 12:44:00 PM,01/31/2024 01:08:17 PM,78903
02-01-2024 08:48,02-01-2024 13:12,85942791087
02-01-2024 12:13,02-01-2024 13:12,82832
02-01-2024 08:48,02-01-2024 08:48,82881
02-01-2024 08:48,02-01-2024 08:48,82796
02-01-2024 08:48,02-01-2024 08:48,82778
02-01-2024 08:48,02-01-2024 08:48,82664
02-01-2024 08:48,02-01-2024 08:48,82936
02-01-2024 08:48,02-01-2024 08:48,82992
02-01-2024 08:48,02-01-2024 13:09,82778
02-01-2024 08:48,02-01-2024 11:24,82664
02-01-2024 08:48,02-01-2024 09:36,82881
02-01-2024 08:48,02-01-2024 12:55,82796
02-01-2024 08:48,02-01-2024 13:10,82992
02-01-2024 08:48,02-01-2024 13:12,82936
02-01-2024 08:49,02-01-2024 08:50,82966
02-01-2024 08:49,02-01-2024 08:50,82962
02-01-2024 08:49,02-01-2024 08:50,82761
02-01-2024 08:50,02-01-2024 11:07,82962
02-01-2024 08:50,02-01-2024 12:58,82966
02-01-2024 08:50,02-01-2024 13:05,82761
02-01-2024 08:51,02-01-2024 08:51,83009
02-01-2024 08:51,02-01-2024 13:12,83009
02-01-2024 08:51,02-01-2024 08:51,82885
02-01-2024 08:51,02-01-2024 08:51,82953
02-01-2024 08:51,02-01-2024 11:56,82953
02-01-2024 08:51,02-01-2024 13:07,82885
02-01-2024 08:52,02-01-2024 08:52,83013
02-01-2024 08:52,02-01-2024 08:52,82786
02-01-2024 08:52,02-01-2024 09:10,83013
02-01-2024 08:52,02-01-2024 10:05,82786
02-01-2024 08:53,02-01-2024 08:53,82875
02-01-2024 08:53,02-01-2024 12:43,82875
02-01-2024 08:53,02-01-2024 08:55,82896
02-01-2024 08:54,02-01-2024 08:54,82985
02-01-2024 08:54,02-01-2024 08:54,82908
02-01-2024 08:54,02-01-2024 12:55,82985
02-01-2024 08:54,02-01-2024 13:12,82908
02-01-2024 08:54,02-01-2024 08:54,82893
02-01-2024 08:54,02-01-2024 13:05,82893
02-01-2024 08:55,02-01-2024 08:55,82741
02-01-2024 08:55,02-01-2024 08:55,82957
02-01-2024 08:55,02-01-2024 08:55,82779
02-01-2024 08:55,02-01-2024 08:55,82898
02-01-2024 08:55,02-01-2024 10:11,82779
02-01-2024 08:55,02-01-2024 08:55,82736
02-01-2024 08:55,02-01-2024 12:59,82741
02-01-2024 08:55,02-01-2024 12:15,82957
02-01-2024 08:55,02-01-2024 13:04,82736
02-01-2024 08:55,02-01-2024 08:55,83106
02-01-2024 08:55,02-01-2024 12:58,82898
02-01-2024 08:55,02-01-2024 08:55,82973
02-01-2024 08:55,02-01-2024 13:05,82973
02-01-2024 08:55,02-01-2024 08:56,82988
02-01-2024 08:55,02-01-2024 09:21,83106
02-01-2024 08:55,02-01-2024 08:56,82825
02-01-2024 08:56,02-01-2024 12:55,82988
02-01-2024 08:56,02-01-2024 09:20,82825
02-01-2024 08:56,02-01-2024 08:56,82748
02-01-2024 08:56,02-01-2024 08:56,82917
02-01-2024 08:56,02-01-2024 08:56,82801
02-01-2024 08:56,02-01-2024 10:11,82917
02-01-2024 08:56,02-01-2024 13:12,82748
02-01-2024 08:56,02-01-2024 09:06,82801
02-01-2024 08:57,02-01-2024 08:59,82946
02-01-2024 08:57,02-01-2024 08:59,82977
02-01-2024 08:57,02-01-2024 08:58,82932
02-01-2024 08:58,02-01-2024 13:08,82896
02-01-2024 08:58,02-01-2024 08:59,82867
02-01-2024 08:58,02-01-2024 08:59,82708
02-01-2024 08:58,02-01-2024 08:59,82999
02-01-2024 08:58,02-01-2024 08:59,82861
02-01-2024 08:58,02-01-2024 08:59,82947
02-01-2024 08:58,02-01-2024 08:59,83034
02-01-2024 08:59,02-01-2024 08:59,82932
02-01-2024 08:59,02-01-2024 13:08,82708
02-01-2024 08:59,02-01-2024 13:06,82977
02-01-2024 08:59,02-01-2024 11:13,82999
02-01-2024 08:59,02-01-2024 09:07,82946
02-01-2024 08:59,02-01-2024 10:27,82947
02-01-2024 08:59,02-01-2024 12:14,82867
02-01-2024 08:59,02-01-2024 12:32,82932
02-01-2024 08:59,02-01-2024 13:12,82861
02-01-2024 08:59,02-01-2024 12:58,83034
02-01-2024 08:59,02-01-2024 08:59,82848
02-01-2024 08:59,02-01-2024 08:59,82926
02-01-2024 08:59,02-01-2024 13:10,82848
02-01-2024 08:59,02-01-2024 13:09,82926
02-01-2024 08:59,02-01-2024 09:00,82785
02-01-2024 09:00,02-01-2024 09:00,82911
02-01-2024 09:00,02-01-2024 11:48,82785
02-01-2024 09:00,02-01-2024 12:37,82911
02-01-2024 09:00,02-01-2024 09:01,82998
02-01-2024 09:00,02-01-2024 09:01,82630
02-01-2024 09:01,02-01-2024 09:01,80676
02-01-2024 09:01,02-01-2024 13:10,82998
02-01-2024 09:01,02-01-2024 11:04,80676
02-01-2024 09:01,02-01-2024 11:25,82630
02-01-2024 09:01,02-01-2024 09:02,82703
02-01-2024 09:01,02-01-2024 09:02,82713
02-01-2024 09:02,02-01-2024 09:02,83046
02-01-2024 09:02,02-01-2024 13:07,83046
02-01-2024 09:02,02-01-2024 13:12,82703
02-01-2024 09:02,02-01-2024 12:55,82713
02-01-2024 09:02,02-01-2024 09:03,82657
02-01-2024 09:02,02-01-2024 09:03,82934
02-01-2024 09:03,02-01-2024 13:04,82657
02-01-2024 09:03,02-01-2024 11:05,82934
02-01-2024 09:03,02-01-2024 09:04,82803
02-01-2024 09:03,02-01-2024 09:03,82832
02-01-2024 09:03,02-01-2024 12:12,82832
02-01-2024 09:04,02-01-2024 09:36,82803
02-01-2024 09:04,02-01-2024 09:04,83080
02-01-2024 09:04,02-01-2024 09:09,83080
02-01-2024 09:04,02-01-2024 09:04,83027
02-01-2024 09:04,02-01-2024 11:12,83027
02-01-2024 09:04,02-01-2024 09:04,82975
02-01-2024 09:04,02-01-2024 09:05,83005
02-01-2024 09:05,02-01-2024 09:52,82975
02-01-2024 09:05,02-01-2024 10:50,83005
02-01-2024 09:06,02-01-2024 09:06,82793
02-01-2024 09:06,02-01-2024 11:04,82793
02-01-2024 09:10,02-01-2024 09:50,83013
02-01-2024 09:18,02-01-2024 09:18,83045
02-01-2024 09:18,02-01-2024 13:12,83045
02-01-2024 09:26,02-01-2024 09:26,82827
02-01-2024 09:26,02-01-2024 13:10,82827
02-01-2024 09:29,02-01-2024 09:29,82991
02-01-2024 09:29,02-01-2024 10:09,82991
02-01-2024 09:37,02-01-2024 09:37,82803
02-01-2024 09:37,02-01-2024 09:53,82803
02-01-2024 09:48,02-01-2024 09:48,82652
02-01-2024 09:48,02-01-2024 10:12,82652
02-01-2024 09:49,02-01-2024 09:49,82654
02-01-2024 09:49,02-01-2024 10:32,82654
02-01-2024 09:50,02-01-2024 11:00,83013
02-01-2024 10:09,02-01-2024 11:03,82991
02-01-2024 10:11,02-01-2024 11:12,82917
02-01-2024 10:20,02-01-2024 13:10,82786
02-01-2024 10:41,02-01-2024 10:41,83049
02-01-2024 10:41,02-01-2024 11:39,83049
02-01-2024 11:03,02-01-2024 11:03,83013
02-01-2024 11:03,02-01-2024 11:05,83013
02-01-2024 11:07,02-01-2024 13:12,82962
02-01-2024 11:12,02-01-2024 11:26,82917
02-01-2024 11:15,02-01-2024 12:05,82991
02-01-2024 11:24,02-01-2024 11:24,80676
02-01-2024 11:24,02-01-2024 13:08,82664
02-01-2024 11:24,02-01-2024 13:12,80676
02-01-2024 11:25,02-01-2024 11:25,82793
02-01-2024 11:25,02-01-2024 13:03,82793
02-01-2024 11:26,02-01-2024 11:26,83013
02-01-2024 11:26,02-01-2024 13:12,83013
02-01-2024 11:27,02-01-2024 11:28,82917
02-01-2024 11:28,02-01-2024 11:28,83005
02-01-2024 11:28,02-01-2024 12:37,83005
02-01-2024 11:29,02-01-2024 11:30,82999
02-01-2024 11:30,02-01-2024 13:05,82999
02-01-2024 11:31,02-01-2024 11:31,82934
02-01-2024 11:31,02-01-2024 12:58,82934
02-01-2024 11:40,02-01-2024 11:40,82630
02-01-2024 11:40,02-01-2024 12:00,82630
02-01-2024 11:45,02-01-2024 11:45,82654
02-01-2024 11:45,02-01-2024 12:38,82654
02-01-2024 11:58,02-01-2024 11:58,82953
02-01-2024 11:58,02-01-2024 13:12,82953
02-01-2024 12:05,02-01-2024 13:04,82991
02-01-2024 12:15,02-01-2024 12:17,82957
02-01-2024 12:20,02-01-2024 12:20,82957
02-01-2024 12:20,02-01-2024 13:05,82957
02-01-2024 13:09,02-01-2024 13:09,82736
02-01-2024 13:09,02-01-2024 13:12,82736
02-01-2024 13:11,02-01-2024 13:11,83046
02-01-2024 13:11,02-01-2024 13:12,83046
02-01-2024 09:10,02-01-2024 13:02,83080
02-01-2024 10:05,02-01-2024 10:20,82786
02-01-2024 11:04,02-01-2024 11:15,82991
02-01-2024 11:28,02-01-2024 13:12,82917
02-01-2024 12:33,02-01-2024 13:04,82932
02-02-2024 08:46,02-02-2024 13:07,85942791087
02-02-2024 12:07,02-02-2024 12:11,82896
02-02-2024 12:50,02-02-2024 13:07,83129
02-02-2024 08:46,02-02-2024 08:48,82786
02-02-2024 08:48,02-02-2024 08:48,82761
02-02-2024 08:48,02-02-2024 08:48,82848
02-02-2024 08:48,02-02-2024 13:07,82786
02-02-2024 08:48,02-02-2024 08:49,82962
02-02-2024 08:48,02-02-2024 12:50,82848
02-02-2024 08:48,02-02-2024 12:00,82761
02-02-2024 08:49,02-02-2024 11:10,82962
02-02-2024 08:49,02-02-2024 08:50,82861
02-02-2024 08:50,02-02-2024 12:54,82861
02-02-2024 08:50,02-02-2024 08:50,82973
02-02-2024 08:50,02-02-2024 11:57,82973
02-02-2024 08:52,02-02-2024 08:52,83106
02-02-2024 08:52,02-02-2024 10:13,83106
02-02-2024 08:53,02-02-2024 08:54,82875
02-02-2024 08:53,02-02-2024 08:54,82999
02-02-2024 08:54,02-02-2024 12:50,82875
02-02-2024 08:54,02-02-2024 08:54,82657
02-02-2024 08:54,02-02-2024 13:00,82999
02-02-2024 08:54,02-02-2024 08:54,82778
02-02-2024 08:54,02-02-2024 11:55,82778
02-02-2024 08:54,02-02-2024 12:04,82657
02-02-2024 08:54,02-02-2024 08:55,82896
02-02-2024 08:55,02-02-2024 08:55,82966
02-02-2024 08:55,02-02-2024 12:06,82896
02-02-2024 08:55,02-02-2024 08:55,82785
02-02-2024 08:55,02-02-2024 12:51,82966
02-02-2024 08:55,02-02-2024 08:55,82664
02-02-2024 08:55,02-02-2024 11:28,82785
02-02-2024 08:55,02-02-2024 12:58,82664
02-02-2024 08:55,02-02-2024 08:55,82977
02-02-2024 08:55,02-02-2024 12:52,82977
02-02-2024 08:56,02-02-2024 08:57,82930
02-02-2024 08:56,02-02-2024 08:57,83009
02-02-2024 08:57,02-02-2024 08:58,82930
02-02-2024 08:57,02-02-2024 11:05,83009
02-02-2024 08:57,02-02-2024 08:57,82992
02-02-2024 08:57,02-02-2024 08:57,82936
02-02-2024 08:57,02-02-2024 08:57,82953
02-02-2024 08:57,02-02-2024 08:57,82932
02-02-2024 08:57,02-02-2024 13:07,82936
02-02-2024 08:57,02-02-2024 12:53,82992
02-02-2024 08:57,02-02-2024 09:08,82953
02-02-2024 08:57,02-02-2024 08:57,82741
02-02-2024 08:57,02-02-2024 08:57,82825
02-02-2024 08:57,02-02-2024 12:50,82932
02-02-2024 08:57,02-02-2024 08:58,82908
02-02-2024 08:57,02-02-2024 13:01,82741
02-02-2024 08:57,02-02-2024 08:58,82796
02-02-2024 08:57,02-02-2024 09:11,82825
02-02-2024 08:58,02-02-2024 10:26,82908
02-02-2024 08:58,02-02-2024 12:52,82796
02-02-2024 08:58,02-02-2024 08:58,81446
02-02-2024 08:58,02-02-2024 09:51,81446
02-02-2024 08:58,02-02-2024 08:59,83013
02-02-2024 08:59,02-02-2024 10:59,83013
02-02-2024 08:59,02-02-2024 08:59,82789
02-02-2024 08:59,02-02-2024 09:11,82789
02-02-2024 08:59,02-02-2024 08:59,82703
02-02-2024 08:59,02-02-2024 09:00,82867
02-02-2024 08:59,02-02-2024 09:00,82930
02-02-2024 08:59,02-02-2024 12:54,82703
02-02-2024 08:59,02-02-2024 09:00,82832
02-02-2024 08:59,02-02-2024 09:00,83046
02-02-2024 08:59,02-02-2024 09:00,82911
02-02-2024 09:00,02-02-2024 09:47,83046
02-02-2024 09:00,02-02-2024 09:00,82893
02-02-2024 09:00,02-02-2024 09:14,82930
02-02-2024 09:00,02-02-2024 13:00,82867
02-02-2024 09:00,02-02-2024 12:57,82911
02-02-2024 09:00,02-02-2024 11:59,82832
02-02-2024 09:00,02-02-2024 09:00,80676
02-02-2024 09:00,02-02-2024 09:00,82985
02-02-2024 09:00,02-02-2024 09:00,82630
02-02-2024 09:00,02-02-2024 09:00,82998
02-02-2024 09:00,02-02-2024 12:50,82985
02-02-2024 09:00,02-02-2024 12:57,82998
02-02-2024 09:00,02-02-2024 13:00,82893
02-02-2024 09:00,02-02-2024 09:33,82630
02-02-2024 09:00,02-02-2024 10:59,80676
02-02-2024 09:01,02-02-2024 09:01,83027
02-02-2024 09:01,02-02-2024 09:01,82654
02-02-2024 09:01,02-02-2024 09:01,82736
02-02-2024 09:01,02-02-2024 09:04,83027
02-02-2024 09:01,02-02-2024 09:16,82654
02-02-2024 09:01,02-02-2024 13:07,82736
02-02-2024 09:01,02-02-2024 09:02,82957
02-02-2024 09:02,02-02-2024 09:40,82957
02-02-2024 09:02,02-02-2024 09:02,82885
02-02-2024 09:02,02-02-2024 13:04,82885
02-02-2024 09:02,02-02-2024 09:03,82748
02-02-2024 09:02,02-02-2024 09:03,82917
02-02-2024 09:03,02-02-2024 09:03,82898
02-02-2024 09:03,02-02-2024 09:03,82926
02-02-2024 09:03,02-02-2024 09:03,82793
02-02-2024 09:03,02-02-2024 13:00,82926
02-02-2024 09:03,02-02-2024 09:04,82793
02-02-2024 09:03,02-02-2024 12:50,82898
02-02-2024 09:03,02-02-2024 09:04,83080
02-02-2024 09:03,02-02-2024 13:00,82748
02-02-2024 09:04,02-02-2024 09:04,82713
02-02-2024 09:04,02-02-2024 13:00,83080
02-02-2024 09:04,02-02-2024 12:53,82713
02-02-2024 09:04,02-02-2024 09:04,79551
02-02-2024 09:04,02-02-2024 10:39,79551
02-02-2024 09:04,02-02-2024 09:04,82793
02-02-2024 09:04,02-02-2024 09:05,82793
02-02-2024 09:04,02-02-2024 09:06,83027
02-02-2024 09:07,02-02-2024 09:07,82793
02-02-2024 09:07,02-02-2024 09:08,82793
02-02-2024 09:08,02-02-2024 09:08,82934
02-02-2024 09:08,02-02-2024 10:39,82934
02-02-2024 09:09,02-02-2024 09:09,82793
02-02-2024 09:09,02-02-2024 12:56,82793
02-02-2024 09:12,02-02-2024 09:12,83027
02-02-2024 09:12,02-02-2024 09:36,83027
02-02-2024 09:16,02-02-2024 09:16,82825
02-02-2024 09:16,02-02-2024 09:26,82825
02-02-2024 09:34,02-02-2024 13:07,82630
02-02-2024 09:36,02-02-2024 09:37,83027
02-02-2024 09:40,02-02-2024 09:40,82827
02-02-2024 09:40,02-02-2024 10:03,82827
02-02-2024 09:41,02-02-2024 09:41,82957
02-02-2024 09:41,02-02-2024 12:10,82957
02-02-2024 09:42,02-02-2024 09:42,83027
02-02-2024 09:42,02-02-2024 10:54,83027
02-02-2024 10:03,02-02-2024 10:05,82827
02-02-2024 10:05,02-02-2024 13:02,82827
02-02-2024 10:24,02-02-2024 10:24,83049
02-02-2024 10:24,02-02-2024 13:07,83049
02-02-2024 10:37,02-02-2024 10:38,82708
02-02-2024 10:38,02-02-2024 12:56,82708
02-02-2024 10:41,02-02-2024 10:41,82934
02-02-2024 10:41,02-02-2024 10:59,82934
02-02-2024 10:52,02-02-2024 10:56,83129
02-02-2024 10:54,02-02-2024 10:59,83027
02-02-2024 10:57,02-02-2024 11:11,83129
02-02-2024 11:04,02-02-2024 13:03,83046
02-02-2024 11:06,02-02-2024 11:07,82917
02-02-2024 11:07,02-02-2024 12:56,82917
02-02-2024 11:08,02-02-2024 11:11,83009
02-02-2024 11:08,02-02-2024 11:09,82934
02-02-2024 11:10,02-02-2024 11:52,82962
02-02-2024 11:11,02-02-2024 13:06,83009
02-02-2024 11:12,02-02-2024 11:41,83129
02-02-2024 11:19,02-02-2024 11:20,80676
02-02-2024 11:20,02-02-2024 12:03,80676
02-02-2024 11:21,02-02-2024 11:21,83013
02-02-2024 11:21,02-02-2024 12:55,83013
02-02-2024 11:22,02-02-2024 11:22,82934
02-02-2024 11:22,02-02-2024 12:41,82934
02-02-2024 11:29,02-02-2024 11:29,83034
02-02-2024 11:29,02-02-2024 11:30,83034
02-02-2024 11:41,02-02-2024 12:50,83129
02-02-2024 11:45,02-02-2024 11:45,83027
02-02-2024 11:45,02-02-2024 12:12,83027
02-02-2024 11:52,02-02-2024 13:06,82962
02-02-2024 12:00,02-02-2024 13:07,82832
02-02-2024 12:03,02-02-2024 13:02,80676
02-02-2024 12:09,02-02-2024 12:09,82657
02-02-2024 12:09,02-02-2024 12:59,82657
02-02-2024 12:10,02-02-2024 12:56,82957
02-02-2024 12:11,02-02-2024 13:07,82896
02-02-2024 12:16,02-02-2024 12:16,82654
02-02-2024 12:16,02-02-2024 12:40,82654
02-02-2024 12:17,02-02-2024 12:17,83027
02-02-2024 12:17,02-02-2024 12:22,83027
02-02-2024 12:22,02-02-2024 12:39,83027
02-02-2024 12:40,02-02-2024 12:55,83027
02-02-2024 12:42,02-02-2024 12:42,82934
02-02-2024 12:42,02-02-2024 12:50,82934
02-02-2024 13:02,02-02-2024 13:02,82827
02-02-2024 13:02,02-02-2024 13:04,82827
02-02-2024 13:04,02-02-2024 13:05,82827
02-02-2024 09:03,02-02-2024 11:03,82917
02-02-2024 09:34,02-02-2024 09:34,82630
02-02-2024 09:48,02-02-2024 11:04,83046
02-02-2024 10:27,02-02-2024 13:01,82908
02-02-2024 12:01,02-02-2024 13:03,82778
02-02-2024 11:56,02-02-2024 11:59,82778
02-02-2024 11:59,02-02-2024 12:01,82778
02-03-2024 08:41,02-03-2024 12:59,85942791087
02-03-2024 08:43,02-03-2024 08:43,82962
02-03-2024 08:44,02-03-2024 08:46,82861
02-03-2024 08:46,02-03-2024 08:46,82848
02-03-2024 08:46,02-03-2024 08:46,82962
02-03-2024 08:46,02-03-2024 09:45,82848
02-03-2024 08:46,02-03-2024 10:02,82861
02-03-2024 08:46,02-03-2024 12:59,82962
02-03-2024 08:47,02-03-2024 08:48,82936
02-03-2024 08:47,02-03-2024 08:48,83009
02-03-2024 08:48,02-03-2024 12:59,83009
02-03-2024 08:48,02-03-2024 12:59,82936
02-03-2024 08:48,02-03-2024 08:48,82992
02-03-2024 08:48,02-03-2024 12:52,82992
02-03-2024 08:48,02-03-2024 08:49,82664
02-03-2024 08:49,02-03-2024 08:49,82796
02-03-2024 08:49,02-03-2024 12:53,82664
02-03-2024 08:49,02-03-2024 08:58,82796
02-03-2024 08:51,02-03-2024 08:52,82896
02-03-2024 08:52,02-03-2024 12:59,82896
02-03-2024 08:53,02-03-2024 08:54,82999
02-03-2024 08:53,02-03-2024 08:54,82786
02-03-2024 08:54,02-03-2024 12:59,82999
02-03-2024 08:54,02-03-2024 12:59,82786
02-03-2024 08:54,02-03-2024 08:55,82917
02-03-2024 08:55,02-03-2024 08:55,82736
02-03-2024 08:55,02-03-2024 11:00,82736
02-03-2024 08:55,02-03-2024 08:56,82893
02-03-2024 08:55,02-03-2024 12:59,82917
02-03-2024 08:55,02-03-2024 08:56,82977
02-03-2024 08:56,02-03-2024 12:52,82977
02-03-2024 08:56,02-03-2024 12:59,82893
02-03-2024 08:56,02-03-2024 08:56,82875
02-03-2024 08:56,02-03-2024 08:56,82966
02-03-2024 08:56,02-03-2024 12:52,82875
02-03-2024 08:56,02-03-2024 08:57,82825
02-03-2024 08:56,02-03-2024 12:50,82966
02-03-2024 08:56,02-03-2024 08:57,82741
02-03-2024 08:57,02-03-2024 08:57,82957
02-03-2024 08:57,02-03-2024 08:57,82885
02-03-2024 08:57,02-03-2024 08:58,80676
02-03-2024 08:57,02-03-2024 12:59,82885
02-03-2024 08:57,02-03-2024 09:13,82825
02-03-2024 08:57,02-03-2024 12:52,82741
02-03-2024 08:57,02-03-2024 12:59,82957
02-03-2024 08:57,02-03-2024 08:58,82832
02-03-2024 08:58,02-03-2024 12:59,82832
02-03-2024 08:58,02-03-2024 10:22,80676
02-03-2024 08:58,02-03-2024 12:49,82796
02-03-2024 08:59,02-03-2024 08:59,82867
02-03-2024 08:59,02-03-2024 12:55,82867
02-03-2024 08:59,02-03-2024 08:59,83013
02-03-2024 08:59,02-03-2024 11:01,83013
02-03-2024 09:00,02-03-2024 09:00,82242
02-03-2024 09:00,02-03-2024 09:50,82242
02-03-2024 09:00,02-03-2024 09:01,82998
02-03-2024 09:01,02-03-2024 12:59,82998
02-03-2024 09:01,02-03-2024 09:01,82911
02-03-2024 09:01,02-03-2024 09:01,82761
02-03-2024 09:01,02-03-2024 11:05,82911
02-03-2024 09:01,02-03-2024 09:01,82748
02-03-2024 09:01,02-03-2024 09:01,82898
02-03-2024 09:01,02-03-2024 09:01,83027
02-03-2024 09:01,02-03-2024 10:54,82748
02-03-2024 09:01,02-03-2024 12:55,82761
02-03-2024 09:01,02-03-2024 12:49,82898
02-03-2024 09:01,02-03-2024 11:05,83027
02-03-2024 09:02,02-03-2024 09:02,82975
02-03-2024 09:02,02-03-2024 09:02,83049
02-03-2024 09:02,02-03-2024 12:35,83049
02-03-2024 09:02,02-03-2024 09:13,82975
02-03-2024 09:03,02-03-2024 09:03,82713
02-03-2024 09:03,02-03-2024 09:03,82657
02-03-2024 09:03,02-03-2024 12:51,82713
02-03-2024 09:03,02-03-2024 09:12,82657
02-03-2024 09:03,02-03-2024 09:04,82908
02-03-2024 09:04,02-03-2024 12:59,82908
02-03-2024 09:04,02-03-2024 09:04,82793
02-03-2024 09:04,02-03-2024 09:26,82793
02-03-2024 09:05,02-03-2024 09:05,83080
02-03-2024 09:05,02-03-2024 12:59,83080
02-03-2024 09:05,02-03-2024 09:05,82926
02-03-2024 09:05,02-03-2024 11:22,82926
02-03-2024 09:06,02-03-2024 09:06,82789
02-03-2024 09:06,02-03-2024 09:27,82789
02-03-2024 09:07,02-03-2024 09:07,82630
02-03-2024 09:07,02-03-2024 09:08,83129
02-03-2024 09:07,02-03-2024 09:15,82630
02-03-2024 09:07,02-03-2024 09:07,82985
02-03-2024 09:07,02-03-2024 12:49,82985
02-03-2024 09:08,02-03-2024 09:09,83129
02-03-2024 09:08,02-03-2024 11:01,82934
02-03-2024 09:15,02-03-2024 09:17,82630
02-03-2024 09:17,02-03-2024 10:13,82630
02-03-2024 09:20,02-03-2024 09:20,82827
02-03-2024 09:20,02-03-2024 12:59,82827
02-03-2024 09:22,02-03-2024 09:22,82991
02-03-2024 09:22,02-03-2024 12:59,82991
02-03-2024 09:24,02-03-2024 09:25,83046
02-03-2024 09:25,02-03-2024 12:59,83046
02-03-2024 09:45,02-03-2024 12:51,82848
02-03-2024 09:50,02-03-2024 09:52,82242
02-03-2024 09:53,02-03-2024 09:53,82242
02-03-2024 09:53,02-03-2024 09:54,82242
02-03-2024 10:02,02-03-2024 11:01,82861
02-03-2024 10:13,02-03-2024 11:50,82630
02-03-2024 10:53,02-03-2024 12:59,83129
02-03-2024 11:01,02-03-2024 12:59,82861
02-03-2024 11:17,02-03-2024 12:59,82911
02-03-2024 11:18,02-03-2024 12:15,82778
02-03-2024 11:18,02-03-2024 12:51,80676
02-03-2024 11:20,02-03-2024 11:26,82934
02-03-2024 11:22,02-03-2024 11:22,82926
02-03-2024 11:22,02-03-2024 11:22,82926
02-03-2024 11:23,02-03-2024 12:26,82926
02-03-2024 11:24,02-03-2024 12:59,83013
02-03-2024 11:30,02-03-2024 12:51,82934
02-03-2024 11:43,02-03-2024 12:59,83027
02-03-2024 11:50,02-03-2024 12:59,82630
02-03-2024 12:26,02-03-2024 12:59,82926
02-03-2024 12:52,02-03-2024 12:56,82741
02-03-2024 10:22,02-03-2024 11:01,80676
02-03-2024 09:26,02-03-2024 11:44,82793
02-03-2024 10:54,02-03-2024 12:57,82748
02-03-2024 11:00,02-03-2024 12:59,82736
02-05-2024 08:48,02-05-2024 13:04,84845827520
02-05-2024 08:48,02-05-2024 08:49,82861
02-05-2024 08:48,02-05-2024 08:49,82962
02-05-2024 08:48,02-05-2024 08:49,82761
02-05-2024 08:48,02-05-2024 08:49,82896
02-05-2024 08:49,02-05-2024 11:05,82962
02-05-2024 08:49,02-05-2024 13:01,82861
02-05-2024 08:49,02-05-2024 12:23,82761
02-05-2024 08:49,02-05-2024 08:49,82848
02-05-2024 08:49,02-05-2024 13:01,82896
02-05-2024 08:49,02-05-2024 13:00,82848
02-05-2024 08:50,02-05-2024 08:50,82973
02-05-2024 08:50,02-05-2024 12:56,82973
02-05-2024 08:51,02-05-2024 08:51,82992
02-05-2024 08:51,02-05-2024 12:36,82992
02-05-2024 08:51,02-05-2024 08:52,82664
02-05-2024 08:52,02-05-2024 13:00,82664
02-05-2024 08:53,02-05-2024 08:53,82908
02-05-2024 08:53,02-05-2024 13:04,82908
02-05-2024 08:53,02-05-2024 08:54,82975
02-05-2024 08:53,02-05-2024 08:54,82778
02-05-2024 08:54,02-05-2024 13:04,82778
02-05-2024 08:54,02-05-2024 10:34,82975
02-05-2024 08:55,02-05-2024 08:55,82893
02-05-2024 08:55,02-05-2024 08:55,83009
02-05-2024 08:55,02-05-2024 08:55,82977
02-05-2024 08:55,02-05-2024 13:02,82977
02-05-2024 08:55,02-05-2024 13:04,82893
02-05-2024 08:55,02-05-2024 12:50,83009
02-05-2024 08:56,02-05-2024 08:56,82936
02-05-2024 08:56,02-05-2024 08:56,82966
02-05-2024 08:56,02-05-2024 08:56,82917
02-05-2024 08:56,02-05-2024 08:56,82708
02-05-2024 08:56,02-05-2024 13:04,82936
02-05-2024 08:56,02-05-2024 13:00,82966
02-05-2024 08:56,02-05-2024 08:57,82708
02-05-2024 08:56,02-05-2024 08:57,82867
02-05-2024 08:56,02-05-2024 09:44,82917
02-05-2024 08:57,02-05-2024 08:57,82741
02-05-2024 08:57,02-05-2024 13:00,82867
02-05-2024 08:57,02-05-2024 11:33,82741
02-05-2024 08:57,02-05-2024 08:57,82786
02-05-2024 08:57,02-05-2024 13:03,82786
02-05-2024 08:57,02-05-2024 08:58,82789
02-05-2024 08:58,02-05-2024 08:58,82708
02-05-2024 08:58,02-05-2024 08:58,82957
02-05-2024 08:58,02-05-2024 09:23,82789
02-05-2024 08:58,02-05-2024 08:58,82708
02-05-2024 08:58,02-05-2024 09:00,82885
02-05-2024 08:58,02-05-2024 09:01,83046
02-05-2024 08:58,02-05-2024 12:43,82957
02-05-2024 08:58,02-05-2024 08:58,79551
02-05-2024 08:58,02-05-2024 09:01,82898
02-05-2024 08:58,02-05-2024 09:01,82630
02-05-2024 08:59,02-05-2024 09:01,82708
02-05-2024 08:59,02-05-2024 09:01,82825
02-05-2024 08:59,02-05-2024 09:01,82998
02-05-2024 08:59,02-05-2024 09:01,82657
02-05-2024 08:59,02-05-2024 09:01,82911
02-05-2024 09:00,02-05-2024 09:01,82796
02-05-2024 09:00,02-05-2024 09:01,83129
02-05-2024 09:00,02-05-2024 09:01,82885
02-05-2024 09:01,02-05-2024 09:01,82985
02-05-2024 09:01,02-05-2024 09:01,82932
02-05-2024 09:01,02-05-2024 09:01,82793
02-05-2024 09:01,02-05-2024 09:01,82785
02-05-2024 09:01,02-05-2024 09:03,82708
02-05-2024 09:01,02-05-2024 13:04,83046
02-05-2024 09:01,02-05-2024 11:26,82985
02-05-2024 09:01,02-05-2024 13:00,82998
02-05-2024 09:01,02-05-2024 10:49,82911
02-05-2024 09:01,02-05-2024 09:02,82785
02-05-2024 09:01,02-05-2024 09:15,82657
02-05-2024 09:01,02-05-2024 13:04,82885
02-05-2024 09:01,02-05-2024 12:38,82630
02-05-2024 09:01,02-05-2024 12:34,82796
02-05-2024 09:01,02-05-2024 11:45,82793
02-05-2024 09:01,02-05-2024 11:46,82898
02-05-2024 09:01,02-05-2024 09:26,83129
02-05-2024 09:01,02-05-2024 12:58,82932
02-05-2024 09:01,02-05-2024 09:02,82999
02-05-2024 09:01,02-05-2024 09:02,82825
02-05-2024 09:01,02-05-2024 09:02,82832
02-05-2024 09:02,02-05-2024 13:04,82999
02-05-2024 09:02,02-05-2024 11:29,82832
02-05-2024 09:02,02-05-2024 09:15,82825
02-05-2024 09:02,02-05-2024 09:02,82748
02-05-2024 09:02,02-05-2024 13:04,82748
02-05-2024 09:03,02-05-2024 09:03,82736
02-05-2024 09:03,02-05-2024 13:04,82736
02-05-2024 09:03,02-05-2024 09:03,82875
02-05-2024 09:03,02-05-2024 10:21,82875
02-05-2024 09:04,02-05-2024 09:04,83080
02-05-2024 09:04,02-05-2024 13:00,83080
02-05-2024 09:05,02-05-2024 09:05,82703
02-05-2024 09:05,02-05-2024 13:04,82703
02-05-2024 09:05,02-05-2024 09:06,82713
02-05-2024 09:06,02-05-2024 09:06,80676
02-05-2024 09:06,02-05-2024 09:19,82713
02-05-2024 09:06,02-05-2024 09:06,82991
02-05-2024 09:06,02-05-2024 09:06,82991
02-05-2024 09:06,02-05-2024 11:07,80676
02-05-2024 09:06,02-05-2024 09:22,82991
02-05-2024 09:09,02-05-2024 09:09,82926
02-05-2024 09:09,02-05-2024 09:09,83013
02-05-2024 09:09,02-05-2024 13:04,82926
02-05-2024 09:09,02-05-2024 09:13,83013
02-05-2024 09:09,02-05-2024 09:09,82708
02-05-2024 09:09,02-05-2024 13:04,82708
02-05-2024 09:12,02-05-2024 09:12,82840
02-05-2024 09:12,02-05-2024 09:13,82840
02-05-2024 09:13,02-05-2024 11:07,83013
02-05-2024 09:19,02-05-2024 09:23,82713
02-05-2024 09:22,02-05-2024 11:18,82991
02-05-2024 09:22,02-05-2024 09:22,82934
02-05-2024 09:22,02-05-2024 09:25,82934
02-05-2024 09:23,02-05-2024 13:00,82713
02-05-2024 09:26,02-05-2024 09:27,82827
02-05-2024 09:27,02-05-2024 10:13,82827
02-05-2024 09:27,02-05-2024 12:23,83129
02-05-2024 09:30,02-05-2024 09:30,82941
02-05-2024 09:30,02-05-2024 09:43,82941
02-05-2024 09:42,02-05-2024 09:42,83027
02-05-2024 09:42,02-05-2024 11:08,83027
02-05-2024 09:43,02-05-2024 12:58,82941
02-05-2024 09:45,02-05-2024 11:00,82917
02-05-2024 10:13,02-05-2024 13:01,82827
02-05-2024 10:43,02-05-2024 10:43,83106
02-05-2024 10:43,02-05-2024 11:21,83106
02-05-2024 10:50,02-05-2024 10:56,82911
02-05-2024 10:56,02-05-2024 13:04,82911
02-05-2024 11:00,02-05-2024 11:05,82917
02-05-2024 11:05,02-05-2024 13:04,82962
02-05-2024 11:15,02-05-2024 11:16,82917
02-05-2024 11:16,02-05-2024 13:04,82917
02-05-2024 11:18,02-05-2024 13:04,82991
02-05-2024 11:25,02-05-2024 13:02,83027
02-05-2024 11:26,02-05-2024 12:58,82985
02-05-2024 11:26,02-05-2024 12:38,80676
02-05-2024 11:29,02-05-2024 13:04,82832
02-05-2024 11:29,02-05-2024 13:04,83013
02-05-2024 11:33,02-05-2024 13:04,82741
02-05-2024 11:35,02-05-2024 11:36,83045
02-05-2024 11:36,02-05-2024 13:04,83045
02-05-2024 12:25,02-05-2024 12:25,82761
02-05-2024 12:25,02-05-2024 13:01,82761
02-05-2024 12:36,02-05-2024 12:58,82796
02-05-2024 12:47,02-05-2024 12:47,82630
02-05-2024 12:47,02-05-2024 13:04,82630
02-05-2024 12:54,02-05-2024 12:54,83009
02-05-2024 12:54,02-05-2024 13:04,83009
02-05-2024 12:44,02-05-2024 13:04,82957
02-06-2024 08:46,02-06-2024 13:05,84845827520
02-06-2024 08:47,02-06-2024 08:47,82875
02-06-2024 08:47,02-06-2024 08:47,82941
02-06-2024 08:47,02-06-2024 13:02,82875
02-06-2024 08:47,02-06-2024 10:57,82941
02-06-2024 08:47,02-06-2024 08:48,82962
02-06-2024 08:48,02-06-2024 08:49,82992
02-06-2024 08:48,02-06-2024 08:49,82962
02-06-2024 08:48,02-06-2024 08:49,82936
02-06-2024 08:49,02-06-2024 08:49,82761
02-06-2024 08:49,02-06-2024 13:05,82962
02-06-2024 08:49,02-06-2024 09:32,82992
02-06-2024 08:49,02-06-2024 08:51,82761
02-06-2024 08:49,02-06-2024 13:05,82936
02-06-2024 08:50,02-06-2024 08:50,82736
02-06-2024 08:50,02-06-2024 13:05,82736
02-06-2024 08:50,02-06-2024 08:51,82999
02-06-2024 08:51,02-06-2024 08:51,82893
02-06-2024 08:51,02-06-2024 13:01,82999
02-06-2024 08:51,02-06-2024 13:05,82893
02-06-2024 08:53,02-06-2024 08:53,82861
02-06-2024 08:53,02-06-2024 08:53,82786
02-06-2024 08:53,02-06-2024 12:04,82861
02-06-2024 08:53,02-06-2024 13:00,82786
02-06-2024 08:55,02-06-2024 08:55,82761
02-06-2024 08:55,02-06-2024 08:55,82848
02-06-2024 08:55,02-06-2024 13:02,82848
02-06-2024 08:55,02-06-2024 13:01,82761
02-06-2024 08:55,02-06-2024 08:56,82912
02-06-2024 08:56,02-06-2024 13:05,82912
02-06-2024 08:56,02-06-2024 08:56,82657
02-06-2024 08:56,02-06-2024 09:14,82657
02-06-2024 08:56,02-06-2024 08:56,83009
02-06-2024 08:56,02-06-2024 10:32,83009
02-06-2024 08:56,02-06-2024 08:57,82896
02-06-2024 08:56,02-06-2024 08:57,82825
02-06-2024 08:57,02-06-2024 08:57,82778
02-06-2024 08:57,02-06-2024 09:05,82825
02-06-2024 08:57,02-06-2024 13:01,82778
02-06-2024 08:57,02-06-2024 13:05,82896
02-06-2024 08:57,02-06-2024 08:57,82741
02-06-2024 08:57,02-06-2024 08:57,82885
02-06-2024 08:57,02-06-2024 08:57,82973
02-06-2024 08:57,02-06-2024 11:02,82741
02-06-2024 08:57,02-06-2024 08:58,82977
02-06-2024 08:57,02-06-2024 11:22,82973
02-06-2024 08:57,02-06-2024 10:39,82885
02-06-2024 08:57,02-06-2024 08:58,82966
02-06-2024 08:58,02-06-2024 13:05,82977
02-06-2024 08:58,02-06-2024 08:58,82911
02-06-2024 08:58,02-06-2024 12:54,82966
02-06-2024 08:58,02-06-2024 09:48,82911
02-06-2024 08:59,02-06-2024 08:59,82985
02-06-2024 08:59,02-06-2024 08:59,82664
02-06-2024 08:59,02-06-2024 11:58,82985
02-06-2024 08:59,02-06-2024 11:58,82664
02-06-2024 08:59,02-06-2024 08:59,83046
02-06-2024 08:59,02-06-2024 13:05,83046
02-06-2024 08:59,02-06-2024 09:00,82748
02-06-2024 09:00,02-06-2024 09:00,83027
02-06-2024 09:00,02-06-2024 09:29,83027
02-06-2024 09:00,02-06-2024 12:45,82748
02-06-2024 09:01,02-06-2024 09:01,82867
02-06-2024 09:01,02-06-2024 09:01,82832
02-06-2024 09:01,02-06-2024 13:05,82867
02-06-2024 09:01,02-06-2024 12:57,82832
02-06-2024 09:01,02-06-2024 09:01,82785
02-06-2024 09:01,02-06-2024 11:33,82785
02-06-2024 09:01,02-06-2024 09:02,82998
02-06-2024 09:02,02-06-2024 13:03,82998
02-06-2024 09:02,02-06-2024 09:02,82703
02-06-2024 09:02,02-06-2024 09:26,82703
02-06-2024 09:04,02-06-2024 09:04,82713
02-06-2024 09:04,02-06-2024 09:04,82932
02-06-2024 09:04,02-06-2024 10:15,82713
02-06-2024 09:04,02-06-2024 13:03,82932
02-06-2024 09:04,02-06-2024 09:04,82957
02-06-2024 09:04,02-06-2024 09:05,83080
02-06-2024 09:04,02-06-2024 10:01,82957
02-06-2024 09:04,02-06-2024 09:05,82917
02-06-2024 09:05,02-06-2024 12:36,83080
02-06-2024 09:05,02-06-2024 10:05,82917
02-06-2024 09:05,02-06-2024 09:06,80676
02-06-2024 09:06,02-06-2024 09:54,80676
02-06-2024 09:06,02-06-2024 09:07,82991
02-06-2024 09:07,02-06-2024 09:32,82991
02-06-2024 09:08,02-06-2024 09:09,82898
02-06-2024 09:09,02-06-2024 10:26,82898
02-06-2024 09:11,02-06-2024 09:12,82630
02-06-2024 09:12,02-06-2024 13:05,82630
02-06-2024 09:15,02-06-2024 09:15,82827
02-06-2024 09:15,02-06-2024 13:05,82827
02-06-2024 09:16,02-06-2024 09:16,82796
02-06-2024 09:16,02-06-2024 09:16,82996
02-06-2024 09:16,02-06-2024 09:18,82996
02-06-2024 09:16,02-06-2024 12:38,82796
02-06-2024 09:27,02-06-2024 13:05,82703
02-06-2024 09:32,02-06-2024 13:05,82991
02-06-2024 09:38,02-06-2024 09:38,82992
02-06-2024 09:38,02-06-2024 12:49,82992
02-06-2024 09:51,02-06-2024 09:52,82911
02-06-2024 09:52,02-06-2024 11:01,82911
02-06-2024 09:54,02-06-2024 10:19,80676
02-06-2024 10:05,02-06-2024 10:05,82957
02-06-2024 10:05,02-06-2024 11:50,82957
02-06-2024 10:11,02-06-2024 10:11,82917
02-06-2024 10:11,02-06-2024 13:05,82917
02-06-2024 10:15,02-06-2024 10:18,82713
02-06-2024 10:18,02-06-2024 11:42,82713
02-06-2024 10:19,02-06-2024 10:58,80676
02-06-2024 10:36,02-06-2024 10:37,83009
02-06-2024 10:37,02-06-2024 11:16,83009
02-06-2024 10:40,02-06-2024 13:05,82885
02-06-2024 11:01,02-06-2024 13:05,82911
02-06-2024 11:16,02-06-2024 11:17,83009
02-06-2024 11:17,02-06-2024 11:18,80676
02-06-2024 11:19,02-06-2024 13:05,80676
02-06-2024 11:19,02-06-2024 11:21,83009
02-06-2024 11:20,02-06-2024 11:23,83045
02-06-2024 11:22,02-06-2024 11:23,83009
02-06-2024 11:22,02-06-2024 11:23,84941
02-06-2024 11:23,02-06-2024 12:54,84941
02-06-2024 11:23,02-06-2024 13:05,83045
02-06-2024 11:23,02-06-2024 13:05,83009
02-06-2024 11:30,02-06-2024 11:56,82741
02-06-2024 11:32,02-06-2024 11:32,83027
02-06-2024 11:32,02-06-2024 13:05,83027
02-06-2024 11:52,02-06-2024 11:52,82957
02-06-2024 11:52,02-06-2024 13:01,82957
02-06-2024 12:06,02-06-2024 12:07,82861
02-06-2024 12:07,02-06-2024 13:03,82861
02-06-2024 12:36,02-06-2024 13:00,83080
02-06-2024 12:37,02-06-2024 12:37,82774
02-06-2024 12:37,02-06-2024 13:05,82774
02-06-2024 12:39,02-06-2024 13:03,82796
02-06-2024 09:30,02-06-2024 10:58,83027
02-06-2024 11:03,02-06-2024 11:29,82741
02-07-2024 08:48,02-07-2024 13:14,84845827520
02-07-2024 08:48,02-07-2024 08:48,82957
02-07-2024 08:48,02-07-2024 08:49,82893
02-07-2024 08:48,02-07-2024 09:34,82957
02-07-2024 08:49,02-07-2024 13:14,82893
02-07-2024 08:49,02-07-2024 08:49,82786
02-07-2024 08:49,02-07-2024 08:49,82875
02-07-2024 08:49,02-07-2024 13:00,82786
02-07-2024 08:49,02-07-2024 09:55,82875
02-07-2024 08:49,02-07-2024 08:50,82962
02-07-2024 08:50,02-07-2024 08:50,82774
02-07-2024 08:50,02-07-2024 08:50,82962
02-07-2024 08:50,02-07-2024 13:14,82774
02-07-2024 08:50,02-07-2024 13:14,82962
02-07-2024 08:50,02-07-2024 08:51,82761
02-07-2024 08:51,02-07-2024 13:02,82761
02-07-2024 08:51,02-07-2024 08:52,82936
02-07-2024 08:51,02-07-2024 08:52,82895
02-07-2024 08:52,02-07-2024 13:14,82936
02-07-2024 08:52,02-07-2024 09:10,82895
02-07-2024 08:52,02-07-2024 08:53,82848
02-07-2024 08:53,02-07-2024 12:56,82848
02-07-2024 08:53,02-07-2024 08:53,83046
02-07-2024 08:53,02-07-2024 13:14,83046
02-07-2024 08:53,02-07-2024 08:53,82703
02-07-2024 08:53,02-07-2024 08:53,83009
02-07-2024 08:53,02-07-2024 13:14,83009
02-07-2024 08:54,02-07-2024 08:54,82736
02-07-2024 08:54,02-07-2024 08:54,82703
02-07-2024 08:54,02-07-2024 12:27,82703
02-07-2024 08:54,02-07-2024 13:14,82736
02-07-2024 08:54,02-07-2024 08:54,82861
02-07-2024 08:54,02-07-2024 13:12,82861
02-07-2024 08:54,02-07-2024 08:55,82973
02-07-2024 08:55,02-07-2024 12:56,82973
02-07-2024 08:55,02-07-2024 08:55,82966
02-07-2024 08:55,02-07-2024 12:57,82966
02-07-2024 08:55,02-07-2024 08:55,82785
02-07-2024 08:55,02-07-2024 08:55,82778
02-07-2024 08:55,02-07-2024 10:43,82785
02-07-2024 08:55,02-07-2024 08:55,82999
02-07-2024 08:55,02-07-2024 13:06,82778
02-07-2024 08:55,02-07-2024 11:08,82999
02-07-2024 08:56,02-07-2024 08:56,82977
02-07-2024 08:56,02-07-2024 08:56,82912
02-07-2024 08:56,02-07-2024 08:56,82657
02-07-2024 08:56,02-07-2024 08:56,82998
02-07-2024 08:56,02-07-2024 12:57,82977
02-07-2024 08:56,02-07-2024 12:58,82998
02-07-2024 08:56,02-07-2024 13:14,82912
02-07-2024 08:56,02-07-2024 09:02,82657
02-07-2024 08:57,02-07-2024 08:57,82985
02-07-2024 08:57,02-07-2024 08:57,82741
02-07-2024 08:57,02-07-2024 08:57,82867
02-07-2024 08:57,02-07-2024 12:56,82985
02-07-2024 08:57,02-07-2024 10:13,82867
02-07-2024 08:57,02-07-2024 13:13,82741
02-07-2024 08:58,02-07-2024 08:58,82832
02-07-2024 08:58,02-07-2024 08:58,82917
02-07-2024 08:58,02-07-2024 13:14,82917
02-07-2024 08:58,02-07-2024 13:12,82832
02-07-2024 08:59,02-07-2024 08:59,82885
02-07-2024 08:59,02-07-2024 13:14,82885
02-07-2024 09:00,02-07-2024 09:03,80676
02-07-2024 09:00,02-07-2024 09:03,83013
02-07-2024 09:00,02-07-2024 09:03,79551
02-07-2024 09:00,02-07-2024 09:02,82713
02-07-2024 09:00,02-07-2024 09:02,82796
02-07-2024 09:00,02-07-2024 09:03,82932
02-07-2024 09:02,02-07-2024 09:03,82748
02-07-2024 09:02,02-07-2024 09:03,82991
02-07-2024 09:02,02-07-2024 09:03,82713
02-07-2024 09:02,02-07-2024 12:27,82796
02-07-2024 09:03,02-07-2024 09:52,82713
02-07-2024 09:03,02-07-2024 09:22,83013
02-07-2024 09:03,02-07-2024 13:12,82748
02-07-2024 09:03,02-07-2024 12:56,82932
02-07-2024 09:03,02-07-2024 09:13,82991
02-07-2024 09:03,02-07-2024 11:03,80676
02-07-2024 09:04,02-07-2024 09:04,82793
02-07-2024 09:04,02-07-2024 12:56,82793
02-07-2024 09:05,02-07-2024 09:05,82898
02-07-2024 09:05,02-07-2024 12:59,82898
02-07-2024 09:10,02-07-2024 11:47,82895
02-07-2024 09:11,02-07-2024 09:11,82630
02-07-2024 09:11,02-07-2024 11:29,82630
02-07-2024 09:13,02-07-2024 09:18,82991
02-07-2024 09:15,02-07-2024 09:15,83005
02-07-2024 09:15,02-07-2024 11:00,83005
02-07-2024 09:18,02-07-2024 10:09,82991
02-07-2024 09:18,02-07-2024 09:19,83027
02-07-2024 09:18,02-07-2024 09:19,82827
02-07-2024 09:19,02-07-2024 09:50,83027
02-07-2024 09:19,02-07-2024 11:47,82827
02-07-2024 09:22,02-07-2024 09:48,83013
02-07-2024 09:34,02-07-2024 13:14,82957
02-07-2024 09:43,02-07-2024 09:44,83129
02-07-2024 09:46,02-07-2024 09:50,84941
02-07-2024 09:49,02-07-2024 09:50,79551
02-07-2024 09:50,02-07-2024 11:04,83013
02-07-2024 09:51,02-07-2024 10:21,83027
02-07-2024 09:52,02-07-2024 10:00,82713
02-07-2024 10:00,02-07-2024 12:45,82713
02-07-2024 10:53,02-07-2024 10:54,82652
02-07-2024 10:54,02-07-2024 10:55,82652
02-07-2024 10:56,02-07-2024 10:56,82975
02-07-2024 10:56,02-07-2024 12:40,82975
02-07-2024 11:06,02-07-2024 11:08,84941
02-07-2024 11:08,02-07-2024 11:14,84941
02-07-2024 11:14,02-07-2024 13:00,84941
02-07-2024 11:19,02-07-2024 11:20,82657
02-07-2024 11:20,02-07-2024 13:14,82657
02-07-2024 11:24,02-07-2024 11:27,80676
02-07-2024 11:24,02-07-2024 11:26,83013
02-07-2024 11:27,02-07-2024 13:14,80676
02-07-2024 11:29,02-07-2024 11:29,82999
02-07-2024 11:30,02-07-2024 12:03,82999
02-07-2024 11:33,02-07-2024 11:33,82991
02-07-2024 11:33,02-07-2024 11:41,82991
02-07-2024 11:34,02-07-2024 11:35,83027
02-07-2024 11:35,02-07-2024 11:56,83027
02-07-2024 11:47,02-07-2024 12:50,82827
02-07-2024 11:48,02-07-2024 13:10,82895
02-07-2024 11:56,02-07-2024 12:26,83027
02-07-2024 11:57,02-07-2024 11:57,82630
02-07-2024 11:57,02-07-2024 13:14,82630
02-07-2024 12:03,02-07-2024 13:14,82999
02-07-2024 12:19,02-07-2024 12:19,83045
02-07-2024 12:19,02-07-2024 13:14,83045
02-07-2024 12:39,02-07-2024 12:39,83027
02-07-2024 12:39,02-07-2024 13:14,83027
02-07-2024 09:03,02-07-2024 11:01,82657
02-07-2024 09:45,02-07-2024 09:46,83129
02-07-2024 09:51,02-07-2024 09:51,79551
02-07-2024 11:01,02-07-2024 11:04,82657
02-07-2024 09:47,02-07-2024 09:47,83129
02-07-2024 10:15,02-07-2024 11:54,82867
02-07-2024 10:22,02-07-2024 11:00,83027
02-08-2024 08:46,02-08-2024 12:57,84845827520
02-08-2024 08:46,02-08-2024 08:47,82896
02-08-2024 08:47,02-08-2024 09:27,82896
02-08-2024 08:48,02-08-2024 08:48,82962
02-08-2024 08:49,02-08-2024 08:49,82761
02-08-2024 08:49,02-08-2024 12:18,82761
02-08-2024 08:50,02-08-2024 08:50,82962
02-08-2024 08:50,02-08-2024 12:57,82962
02-08-2024 08:51,02-08-2024 08:51,82774
02-08-2024 08:51,02-08-2024 09:35,82774
02-08-2024 08:52,02-08-2024 08:52,82861
02-08-2024 08:52,02-08-2024 12:57,82861
02-08-2024 08:52,02-08-2024 08:52,82736
02-08-2024 08:52,02-08-2024 12:57,82736
02-08-2024 08:53,02-08-2024 08:54,82713
02-08-2024 08:53,02-08-2024 08:54,827003
02-08-2024 08:54,02-08-2024 12:57,827003
02-08-2024 08:54,02-08-2024 12:53,82713
02-08-2024 08:57,02-08-2024 08:57,82778
02-08-2024 08:57,02-08-2024 08:58,83046
02-08-2024 08:57,02-08-2024 09:43,82778
02-08-2024 08:57,02-08-2024 08:58,82977
02-08-2024 08:58,02-08-2024 08:58,82936
02-08-2024 08:58,02-08-2024 11:07,83046
02-08-2024 08:58,02-08-2024 12:55,82977
02-08-2024 08:58,02-08-2024 09:31,82936
02-08-2024 08:58,02-08-2024 08:59,82998
02-08-2024 08:59,02-08-2024 12:55,82998
02-08-2024 08:59,02-08-2024 08:59,82932
02-08-2024 08:59,02-08-2024 10:38,82932
02-08-2024 09:00,02-08-2024 09:00,82848
02-08-2024 09:00,02-08-2024 12:55,82848
02-08-2024 09:01,02-08-2024 09:01,82009
02-08-2024 09:01,02-08-2024 09:01,82966
02-08-2024 09:01,02-08-2024 09:01,82785
02-08-2024 09:01,02-08-2024 12:57,82009
02-08-2024 09:01,02-08-2024 09:01,82917
02-08-2024 09:01,02-08-2024 12:11,82785
02-08-2024 09:01,02-08-2024 10:29,82917
02-08-2024 09:01,02-08-2024 12:55,82966
02-08-2024 09:02,02-08-2024 09:03,82885
02-08-2024 09:03,02-08-2024 12:57,82885
02-08-2024 09:04,02-08-2024 09:04,82748
02-08-2024 09:04,02-08-2024 09:04,82957
02-08-2024 09:04,02-08-2024 12:09,82748
02-08-2024 09:04,02-08-2024 09:05,82832
02-08-2024 09:04,02-08-2024 11:52,82957
02-08-2024 09:05,02-08-2024 10:55,82832
02-08-2024 09:07,02-08-2024 12:53,82786
02-08-2024 09:08,02-08-2024 10:53,83027
02-08-2024 09:09,02-08-2024 11:23,82985
02-08-2024 09:09,02-08-2024 10:02,82654
02-08-2024 09:11,02-08-2024 09:11,82993
02-08-2024 09:11,02-08-2024 12:39,82867
02-08-2024 09:12,02-08-2024 09:12,82630
02-08-2024 09:12,02-08-2024 12:57,82630
02-08-2024 09:15,02-08-2024 09:15,82993
02-08-2024 09:15,02-08-2024 09:16,82993
02-08-2024 09:17,02-08-2024 09:17,83080
02-08-2024 09:17,02-08-2024 12:55,83080
02-08-2024 09:17,02-08-2024 09:17,82993
02-08-2024 09:17,02-08-2024 09:18,82993
02-08-2024 09:22,02-08-2024 09:23,82893
02-08-2024 09:23,02-08-2024 12:57,82893
02-08-2024 09:28,02-08-2024 09:28,82993
02-08-2024 09:28,02-08-2024 09:29,82993
02-08-2024 09:29,02-08-2024 09:30,82993
02-08-2024 09:35,02-08-2024 09:36,82993
02-08-2024 09:35,02-08-2024 09:36,82774
02-08-2024 09:36,02-08-2024 09:41,82774
02-08-2024 09:37,02-08-2024 09:37,82896
02-08-2024 09:37,02-08-2024 12:57,82896
02-08-2024 09:38,02-08-2024 09:38,82993
02-08-2024 09:41,02-08-2024 11:01,82774
02-08-2024 09:48,02-08-2024 09:48,82827
02-08-2024 09:48,02-08-2024 10:32,82827
02-08-2024 09:52,02-08-2024 09:56,83013
02-08-2024 10:08,02-08-2024 10:08,82793
02-08-2024 10:08,02-08-2024 11:59,82793
02-08-2024 10:17,02-08-2024 10:18,82993
02-08-2024 10:18,02-08-2024 10:19,82993
02-08-2024 10:32,02-08-2024 12:55,82827
02-08-2024 11:00,02-08-2024 11:00,82991
02-08-2024 11:08,02-08-2024 12:56,83046
02-08-2024 11:14,02-08-2024 11:36,82832
02-08-2024 11:23,02-08-2024 12:53,82985
02-08-2024 11:37,02-08-2024 12:19,82832
02-08-2024 12:07,02-08-2024 12:53,83027
02-08-2024 12:09,02-08-2024 12:55,82748
02-08-2024 12:41,02-08-2024 12:57,83045
02-08-2024 09:36,02-08-2024 09:38,82993
02-08-2024 10:38,02-08-2024 11:14,82932
02-08-2024 11:53,02-08-2024 12:57,82957
02-09-2024 08:43,02-09-2024 12:54,84845827520
02-09-2024 11:57,02-09-2024 11:58,83013
02-09-2024 11:58,02-09-2024 11:59,83013
02-09-2024 12:01,02-09-2024 12:07,83013
02-09-2024 12:08,02-09-2024 12:09,83013
02-09-2024 12:17,02-09-2024 12:54,83013
02-09-2024 08:45,02-09-2024 10:24,82962
02-09-2024 08:49,02-09-2024 12:53,82774
02-09-2024 08:49,02-09-2024 12:54,82736
02-09-2024 08:51,02-09-2024 12:44,82896
02-09-2024 08:53,02-09-2024 11:07,82861
02-09-2024 08:53,02-09-2024 12:54,82885
02-09-2024 08:54,02-09-2024 11:53,82761
02-09-2024 08:55,02-09-2024 12:53,82977
02-09-2024 08:56,02-09-2024 09:12,83013
02-09-2024 08:56,02-09-2024 12:52,82966
02-09-2024 08:57,02-09-2024 11:18,82932
02-09-2024 08:58,02-09-2024 12:54,82703
02-09-2024 08:58,02-09-2024 11:01,82917
02-09-2024 08:59,02-09-2024 12:54,83009
02-09-2024 08:59,02-09-2024 12:54,82832
02-09-2024 08:59,02-09-2024 12:54,83046
02-09-2024 09:00,02-09-2024 11:00,82973
02-09-2024 09:00,02-09-2024 11:01,82993
02-09-2024 09:00,02-09-2024 09:06,82630
02-09-2024 09:00,02-09-2024 12:53,82998
02-09-2024 09:01,02-09-2024 11:00,82748
02-09-2024 09:03,02-09-2024 09:06,82991
02-09-2024 09:03,02-09-2024 12:51,82985
02-09-2024 09:04,02-09-2024 10:30,82957
02-09-2024 09:05,02-09-2024 12:54,82786
02-09-2024 09:06,02-09-2024 09:28,82630
02-09-2024 09:08,02-09-2024 11:07,82991
02-09-2024 09:08,02-09-2024 11:40,82785
02-09-2024 09:10,02-09-2024 12:51,82713
02-09-2024 09:13,02-09-2024 09:19,83013
02-09-2024 09:19,02-09-2024 09:48,83013
02-09-2024 09:32,02-09-2024 09:34,82827
02-09-2024 09:32,02-09-2024 09:32,82827
02-09-2024 09:32,02-09-2024 12:54,82827
02-09-2024 09:32,02-09-2024 09:32,83027
02-09-2024 09:32,02-09-2024 11:01,83027
02-09-2024 09:35,02-09-2024 09:35,82630
02-09-2024 09:35,02-09-2024 10:53,82630
02-09-2024 09:48,02-09-2024 09:51,83013
02-09-2024 10:00,02-09-2024 10:03,83013
02-09-2024 10:03,02-09-2024 10:08,83013
02-09-2024 10:08,02-09-2024 10:30,83013
02-09-2024 10:24,02-09-2024 12:54,82962
02-09-2024 10:31,02-09-2024 10:51,83013
02-09-2024 10:32,02-09-2024 10:32,82957
02-09-2024 10:32,02-09-2024 12:54,82957
02-09-2024 10:48,02-09-2024 10:57,83005
02-09-2024 11:01,02-09-2024 12:54,82630
02-09-2024 11:04,02-09-2024 11:08,82741
02-09-2024 11:09,02-09-2024 12:53,82917
02-09-2024 11:16,02-09-2024 12:54,82861
02-09-2024 11:18,02-09-2024 12:53,82932
02-09-2024 11:21,02-09-2024 11:24,82993
02-09-2024 11:24,02-09-2024 12:54,82993
02-09-2024 11:24,02-09-2024 11:28,83013
02-09-2024 11:28,02-09-2024 11:55,83013
02-09-2024 11:30,02-09-2024 12:52,84941
02-09-2024 11:38,02-09-2024 12:54,82778
02-09-2024 11:38,02-09-2024 12:51,83027
02-09-2024 11:52,02-09-2024 12:54,82991
02-09-2024 11:59,02-09-2024 12:01,83013
02-09-2024 12:11,02-09-2024 12:12,83013
02-09-2024 12:13,02-09-2024 12:14,83013
02-09-2024 12:26,02-09-2024 12:54,83045
02-09-2024 09:52,02-09-2024 09:59,83013
02-09-2024 10:51,02-09-2024 11:01,83013
02-09-2024 11:00,02-09-2024 12:53,82748
02-09-2024 11:08,02-09-2024 12:54,82741
02-09-2024 12:14,02-09-2024 12:16,83013
02-09-2024 11:08,02-09-2024 11:52,82991
02-10-2024 08:43,02-10-2024 12:50,84845827520
02-10-2024 08:46,02-10-2024 08:46,82736
02-10-2024 08:46,02-10-2024 10:20,82736
02-10-2024 08:47,02-10-2024 08:48,82962
02-10-2024 08:48,02-10-2024 08:48,82893
02-10-2024 08:48,02-10-2024 12:50,82962
02-10-2024 08:48,02-10-2024 12:50,82893
02-10-2024 08:49,02-10-2024 08:49,82774
02-10-2024 08:49,02-10-2024 10:05,82774
02-10-2024 08:50,02-10-2024 08:50,82786
02-10-2024 08:50,02-10-2024 08:50,83046
02-10-2024 08:50,02-10-2024 09:41,83046
02-10-2024 08:50,02-10-2024 10:55,82786
02-10-2024 08:52,02-10-2024 08:52,82861
02-10-2024 08:52,02-10-2024 08:52,82896
02-10-2024 08:52,02-10-2024 10:55,82861
02-10-2024 08:52,02-10-2024 12:50,82896
02-10-2024 08:55,02-10-2024 08:55,82917
02-10-2024 08:55,02-10-2024 12:50,82917
02-10-2024 08:55,02-10-2024 08:57,82885
02-10-2024 08:57,02-10-2024 12:50,82885
02-10-2024 08:57,02-10-2024 09:04,82966
02-10-2024 08:57,02-10-2024 12:50,82977
02-10-2024 08:58,02-10-2024 12:50,83009
02-10-2024 08:58,02-10-2024 12:49,82932
02-10-2024 08:59,02-10-2024 08:59,82993
02-10-2024 08:59,02-10-2024 10:07,82993
02-10-2024 09:00,02-10-2024 09:00,82998
02-10-2024 09:00,02-10-2024 12:50,82998
02-10-2024 09:00,02-10-2024 09:01,82832
02-10-2024 09:01,02-10-2024 09:01,83013
02-10-2024 09:01,02-10-2024 10:55,83013
02-10-2024 09:01,02-10-2024 10:00,82832
02-10-2024 09:02,02-10-2024 09:14,82991
02-10-2024 09:02,02-10-2024 09:20,82703
02-10-2024 09:03,02-10-2024 12:50,82748
02-10-2024 09:05,02-10-2024 10:03,82713
02-10-2024 09:05,02-10-2024 09:08,82875
02-10-2024 09:06,02-10-2024 09:48,82957
02-10-2024 09:08,02-10-2024 09:19,82875
02-10-2024 09:11,02-10-2024 09:49,82975
02-10-2024 09:15,02-10-2024 09:17,82991
02-10-2024 09:18,02-10-2024 10:28,83027
02-10-2024 09:18,02-10-2024 10:00,82991
02-10-2024 09:20,02-10-2024 12:50,82703
02-10-2024 09:21,02-10-2024 10:21,82778
02-10-2024 09:30,02-10-2024 11:23,84941
02-10-2024 09:38,02-10-2024 10:36,83005
02-10-2024 09:41,02-10-2024 10:28,83046
02-10-2024 09:46,02-10-2024 09:59,82741
02-10-2024 09:48,02-10-2024 12:50,82957
02-10-2024 10:01,02-10-2024 11:02,82741
02-10-2024 10:02,02-10-2024 11:43,82832
02-10-2024 10:03,02-10-2024 10:15,82713
02-10-2024 10:07,02-10-2024 10:07,82993
02-10-2024 10:08,02-10-2024 10:08,82993
02-10-2024 10:08,02-10-2024 10:34,82827
02-10-2024 10:09,02-10-2024 10:17,82993
02-10-2024 10:09,02-10-2024 12:48,82774
02-10-2024 10:15,02-10-2024 11:30,82713
02-10-2024 10:20,02-10-2024 12:50,82736
02-10-2024 10:26,02-10-2024 12:50,82867
02-10-2024 10:26,02-10-2024 10:55,82993
02-10-2024 10:28,02-10-2024 10:54,83027
02-10-2024 10:28,02-10-2024 10:42,83046
02-10-2024 10:34,02-10-2024 12:50,82827
02-10-2024 10:39,02-10-2024 10:54,83005
02-10-2024 11:00,02-10-2024 11:02,83046
02-10-2024 11:02,02-10-2024 11:24,83046
02-10-2024 11:11,02-10-2024 12:50,82786
02-10-2024 11:16,02-10-2024 11:55,82993
02-10-2024 11:17,02-10-2024 12:50,83013
02-10-2024 11:26,02-10-2024 11:32,83046
02-10-2024 11:33,02-10-2024 12:50,83046
02-10-2024 11:35,02-10-2024 12:20,83005
02-10-2024 11:37,02-10-2024 12:29,83027
02-10-2024 11:47,02-10-2024 12:50,82832
02-10-2024 11:55,02-10-2024 12:21,82993
02-10-2024 12:29,02-10-2024 12:33,83027
02-10-2024 12:33,02-10-2024 12:40,83027
02-10-2024 12:47,02-10-2024 12:48,83027
02-10-2024 09:04,02-10-2024 10:57,82966
02-10-2024 10:57,02-10-2024 12:47,82966
02-10-2024 11:23,02-10-2024 12:50,84941
02-12-2024 08:47,02-12-2024 12:51,84845827520
02-12-2024 08:47,02-12-2024 08:48,82875
02-12-2024 08:48,02-12-2024 09:09,82875
02-12-2024 08:48,02-12-2024 08:49,82861
02-12-2024 08:48,02-12-2024 08:49,82962
02-12-2024 08:49,02-12-2024 09:39,82861
02-12-2024 08:49,02-12-2024 12:51,82962
02-12-2024 08:49,02-12-2024 08:49,82703
02-12-2024 08:49,02-12-2024 12:51,82703
02-12-2024 08:49,02-12-2024 08:49,82774
02-12-2024 08:49,02-12-2024 12:51,82774
02-12-2024 08:49,02-12-2024 08:50,82736
02-12-2024 08:50,02-12-2024 11:06,82736
02-12-2024 08:50,02-12-2024 08:51,82896
02-12-2024 08:50,02-12-2024 08:51,82917
02-12-2024 08:51,02-12-2024 10:55,82917
02-12-2024 08:51,02-12-2024 09:49,82896
02-12-2024 08:55,02-12-2024 08:55,82893
02-12-2024 08:55,02-12-2024 08:56,82966
02-12-2024 08:55,02-12-2024 12:51,82893
02-12-2024 08:55,02-12-2024 08:56,83009
02-12-2024 08:55,02-12-2024 08:56,82977
02-12-2024 08:56,02-12-2024 12:51,82977
02-12-2024 08:56,02-12-2024 12:51,83009
02-12-2024 08:57,02-12-2024 08:58,82975
02-12-2024 08:57,02-12-2024 08:58,82885
02-12-2024 08:58,02-12-2024 12:49,82885
02-12-2024 08:58,02-12-2024 09:39,82975
02-12-2024 08:58,02-12-2024 08:58,83013
02-12-2024 08:58,02-12-2024 08:59,82957
02-12-2024 08:58,02-12-2024 11:03,83013
02-12-2024 08:59,02-12-2024 08:59,82998
02-12-2024 08:59,02-12-2024 12:51,82998
02-12-2024 08:59,02-12-2024 11:04,82957
02-12-2024 08:59,02-12-2024 08:59,82932
02-12-2024 08:59,02-12-2024 12:50,82932
02-12-2024 08:59,02-12-2024 09:00,82748
02-12-2024 09:00,02-12-2024 12:51,82748
02-12-2024 09:00,02-12-2024 09:00,82832
02-12-2024 09:00,02-12-2024 10:07,82832
02-12-2024 09:01,02-12-2024 09:01,82786
02-12-2024 09:01,02-12-2024 12:51,82786
02-12-2024 09:01,02-12-2024 09:01,82898
02-12-2024 09:01,02-12-2024 10:19,82898
02-12-2024 09:03,02-12-2024 09:03,82741
02-12-2024 09:03,02-12-2024 09:03,82993
02-12-2024 09:03,02-12-2024 10:23,82741
02-12-2024 09:03,02-12-2024 09:04,82785
02-12-2024 09:03,02-12-2024 09:38,82993
02-12-2024 09:04,02-12-2024 11:53,82785
02-12-2024 09:04,02-12-2024 09:05,82630
02-12-2024 09:05,02-12-2024 12:51,82630
02-12-2024 09:06,02-12-2024 09:06,82991
02-12-2024 09:06,02-12-2024 09:29,82991
02-12-2024 09:09,02-12-2024 09:09,83027
02-12-2024 09:09,02-12-2024 10:44,83027
02-12-2024 09:09,02-12-2024 09:26,82875
02-12-2024 09:27,02-12-2024 09:27,84941
02-12-2024 09:27,02-12-2024 12:51,84941
02-12-2024 09:34,02-12-2024 09:34,83046
02-12-2024 09:34,02-12-2024 09:37,83046
02-12-2024 09:36,02-12-2024 09:36,82778
02-12-2024 09:36,02-12-2024 12:16,82778
02-12-2024 09:38,02-12-2024 09:40,83046
02-12-2024 09:38,02-12-2024 09:52,82993
02-12-2024 09:41,02-12-2024 09:44,83046
02-12-2024 09:45,02-12-2024 09:46,83046
02-12-2024 09:46,02-12-2024 09:51,83046
02-12-2024 09:49,02-12-2024 11:51,82896
02-12-2024 09:49,02-12-2024 09:49,82827
02-12-2024 09:49,02-12-2024 12:50,82827
02-12-2024 09:50,02-12-2024 09:50,83046
02-12-2024 09:50,02-12-2024 12:27,83046
02-12-2024 09:52,02-12-2024 10:58,82993
02-12-2024 09:57,02-12-2024 12:51,82861
02-12-2024 10:39,02-12-2024 12:12,82867
02-12-2024 10:50,02-12-2024 10:52,82741
02-12-2024 10:55,02-12-2024 12:51,82917
02-12-2024 11:07,02-12-2024 12:51,82957
02-12-2024 11:15,02-12-2024 11:55,82993
02-12-2024 11:16,02-12-2024 11:47,83013
02-12-2024 11:47,02-12-2024 12:51,83013
02-12-2024 11:55,02-12-2024 12:12,82993
02-12-2024 12:12,02-12-2024 12:51,82993
02-12-2024 12:50,02-12-2024 12:51,82827
02-12-2024 09:39,02-12-2024 09:57,82861
02-12-2024 10:07,02-12-2024 12:52,82832
02-12-2024 11:06,02-12-2024 12:52,82736
02-12-2024 12:27,02-12-2024 12:52,83046
02-12-2024 11:52,02-12-2024 12:52,82896
02/13/2024 08:47:23 AM,02/13/2024 12:50:37 PM,84845827520
02/13/2024 08:47:37 AM,02/13/2024 08:47:52 AM,82966
02/13/2024 08:47:42 AM,02/13/2024 08:48:00 AM,82896
02/13/2024 08:47:52 AM,02/13/2024 08:48:12 AM,82848
02/13/2024 08:47:53 AM,02/13/2024 12:50:03 PM,82966
02/13/2024 08:48:01 AM,02/13/2024 12:50:37 PM,82896
02/13/2024 08:48:12 AM,02/13/2024 11:06:22 AM,82848
02/13/2024 08:49:35 AM,02/13/2024 12:49:53 PM,82774
02/13/2024 08:52:29 AM,02/13/2024 09:25:17 AM,83005
02/13/2024 08:53:11 AM,02/13/2024 12:50:38 PM,82962
02/13/2024 08:53:22 AM,02/13/2024 12:50:36 PM,82736
02/13/2024 08:55:24 AM,02/13/2024 12:50:34 PM,82977
02/13/2024 08:55:26 AM,02/13/2024 12:50:37 PM,83046
02/13/2024 08:57:42 AM,02/13/2024 10:51:47 AM,83027
02/13/2024 08:57:43 AM,02/13/2024 12:50:37 PM,83009
02/13/2024 08:58:09 AM,02/13/2024 08:58:35 AM,82885
02/13/2024 08:58:35 AM,02/13/2024 12:50:36 PM,82885
02/13/2024 08:59:31 AM,02/13/2024 08:59:47 AM,82893
02/13/2024 08:59:35 AM,02/13/2024 08:59:47 AM,82867
02/13/2024 08:59:42 AM,02/13/2024 08:59:48 AM,83013
02/13/2024 08:59:47 AM,02/13/2024 11:29:08 AM,82867
02/13/2024 08:59:48 AM,02/13/2024 09:00:27 AM,83013
02/13/2024 08:59:48 AM,02/13/2024 09:00:22 AM,82630
02/13/2024 08:59:48 AM,02/13/2024 12:50:37 PM,82893
02/13/2024 08:59:54 AM,02/13/2024 09:00:26 AM,82993
02/13/2024 08:59:55 AM,02/13/2024 09:00:34 AM,82786
02/13/2024 09:00:23 AM,02/13/2024 09:51:05 AM,82630
02/13/2024 09:00:26 AM,02/13/2024 09:06:09 AM,82993
02/13/2024 09:00:27 AM,02/13/2024 09:50:13 AM,83013
02/13/2024 09:00:34 AM,02/13/2024 12:50:36 PM,82786
02/13/2024 09:00:49 AM,02/13/2024 09:00:56 AM,82998
02/13/2024 09:00:57 AM,02/13/2024 12:50:37 PM,82998
02/13/2024 09:01:13 AM,02/13/2024 09:02:12 AM,82748
02/13/2024 09:01:24 AM,02/13/2024 09:02:13 AM,82917
02/13/2024 09:01:29 AM,02/13/2024 09:02:09 AM,82703
02/13/2024 09:01:58 AM,02/13/2024 09:02:17 AM,82957
02/13/2024 09:02:10 AM,02/13/2024 11:47:48 AM,82703
02/13/2024 09:02:12 AM,02/13/2024 12:50:29 PM,82748
02/13/2024 09:02:13 AM,02/13/2024 12:50:37 PM,82917
02/13/2024 09:02:17 AM,02/13/2024 12:50:36 PM,82957
02/13/2024 09:04:25 AM,02/13/2024 09:04:31 AM,83080
02/13/2024 09:04:35 AM,02/13/2024 12:50:36 PM,83080
02/13/2024 09:05:45 AM,02/13/2024 09:05:49 AM,82991
02/13/2024 09:05:55 AM,02/13/2024 09:15:50 AM,82991
02/13/2024 09:06:10 AM,02/13/2024 10:08:16 AM,82993
02/13/2024 09:07:21 AM,02/13/2024 09:07:32 AM,82975
02/13/2024 09:07:32 AM,02/13/2024 11:03:55 AM,82975
02/13/2024 09:08:02 AM,02/13/2024 09:08:14 AM,83131
02/13/2024 09:08:15 AM,02/13/2024 10:06:36 AM,83131
02/13/2024 09:08:19 AM,02/13/2024 09:08:26 AM,82832
02/13/2024 09:08:27 AM,02/13/2024 12:50:37 PM,82832
02/13/2024 09:09:23 AM,02/13/2024 09:09:42 AM,82741
02/13/2024 09:09:42 AM,02/13/2024 10:30:05 AM,82741
02/13/2024 09:11:18 AM,02/13/2024 09:12:35 AM,82785
02/13/2024 09:12:35 AM,02/13/2024 11:04:55 AM,82785
02/13/2024 09:15:51 AM,02/13/2024 09:16:38 AM,82991
02/13/2024 09:23:59 AM,02/13/2024 09:24:03 AM,82827
02/13/2024 09:24:03 AM,02/13/2024 09:24:07 AM,82827
02/13/2024 09:24:07 AM,02/13/2024 11:08:08 AM,82827
02/13/2024 09:25:05 AM,02/13/2024 09:25:13 AM,84941
02/13/2024 09:25:14 AM,02/13/2024 12:50:00 PM,84941
02/13/2024 09:44:11 AM,02/13/2024 10:52:48 AM,83005
02/13/2024 10:08:40 AM,02/13/2024 10:08:47 AM,82993
02/13/2024 10:08:47 AM,02/13/2024 11:06:04 AM,82993
02/13/2024 11:08:09 AM,02/13/2024 12:50:37 PM,82827
02/13/2024 11:27:57 AM,02/13/2024 12:49:58 PM,82993
02/13/2024 11:30:28 AM,02/13/2024 11:34:22 AM,83013
02/13/2024 11:34:22 AM,02/13/2024 12:50:37 PM,83013
02/13/2024 11:38:41 AM,02/13/2024 12:50:36 PM,82630
02/13/2024 11:47:59 AM,02/13/2024 12:48:41 PM,82703
02/13/2024 11:50:41 AM,02/13/2024 12:34:26 PM,83027
02/13/2024 12:34:27 PM,02/13/2024 12:50:37 PM,83027
02/13/2024 12:46:17 PM,02/13/2024 12:50:37 PM,83045
02/13/2024 12:48:55 PM,02/13/2024 12:50:37 PM,82703
02/13/2024 09:50:14 AM,02/13/2024 11:06:27 AM,83013
02/14/2024 08:48:01 AM,02/14/2024 12:59:33 PM,84845827520
02/14/2024 08:48:20 AM,02/14/2024 09:58:59 AM,82861
02/14/2024 08:48:50 AM,02/14/2024 12:57:34 PM,82774
02/14/2024 08:49:37 AM,02/14/2024 12:57:47 PM,82893
02/14/2024 08:50:32 AM,02/14/2024 12:59:33 PM,82962
02/14/2024 08:51:50 AM,02/14/2024 08:52:06 AM,82885
02/14/2024 08:52:06 AM,02/14/2024 12:59:33 PM,82885
02/14/2024 08:53:18 AM,02/14/2024 08:53:27 AM,83046
02/14/2024 08:53:18 AM,02/14/2024 08:53:32 AM,82848
02/14/2024 08:53:27 AM,02/14/2024 12:57:27 PM,83046
02/14/2024 08:53:33 AM,02/14/2024 12:57:42 PM,82848
02/14/2024 08:55:10 AM,02/14/2024 08:55:28 AM,82977
02/14/2024 08:55:28 AM,02/14/2024 12:57:26 PM,82977
02/14/2024 08:55:59 AM,02/14/2024 08:56:22 AM,82736
02/14/2024 08:56:02 AM,02/14/2024 08:56:25 AM,82966
02/14/2024 08:56:23 AM,02/14/2024 12:59:33 PM,82736
02/14/2024 08:56:26 AM,02/14/2024 12:53:08 PM,82966
02/14/2024 08:56:42 AM,02/14/2024 08:57:07 AM,82896
02/14/2024 08:56:49 AM,02/14/2024 08:57:02 AM,82932
02/14/2024 08:57:03 AM,02/14/2024 10:48:18 AM,82932
02/14/2024 08:57:08 AM,02/14/2024 09:12:05 AM,82896
02/14/2024 08:58:11 AM,02/14/2024 08:58:28 AM,83013
02/14/2024 08:58:28 AM,02/14/2024 10:54:40 AM,83013
02/14/2024 08:58:29 AM,02/14/2024 08:58:38 AM,83009
02/14/2024 08:58:38 AM,02/14/2024 12:59:33 PM,83009
02/14/2024 08:59:29 AM,02/14/2024 08:59:54 AM,82630
02/14/2024 08:59:54 AM,02/14/2024 09:08:01 AM,82630
02/14/2024 09:00:20 AM,02/14/2024 09:00:29 AM,82832
02/14/2024 09:00:29 AM,02/14/2024 12:55:32 PM,82832
02/14/2024 09:02:04 AM,02/14/2024 09:02:15 AM,82993
02/14/2024 09:02:14 AM,02/14/2024 09:02:50 AM,82957
02/14/2024 09:02:16 AM,02/14/2024 09:03:01 AM,82993
02/14/2024 09:02:50 AM,02/14/2024 12:59:33 PM,82957
02/14/2024 09:03:25 AM,02/14/2024 09:03:31 AM,82993
02/14/2024 09:03:29 AM,02/14/2024 09:03:42 AM,82917
02/14/2024 09:03:31 AM,02/14/2024 11:01:09 AM,82993
02/14/2024 09:03:42 AM,02/14/2024 12:56:43 PM,82917
02/14/2024 09:03:52 AM,02/14/2024 09:03:59 AM,82998
02/14/2024 09:03:59 AM,02/14/2024 12:58:16 PM,82998
02/14/2024 09:05:57 AM,02/14/2024 09:06:07 AM,82785
02/14/2024 09:06:08 AM,02/14/2024 12:13:01 PM,82785
02/14/2024 09:07:07 AM,02/14/2024 09:07:10 AM,82748
02/14/2024 09:07:16 AM,02/14/2024 12:57:48 PM,82748
02/14/2024 09:08:02 AM,02/14/2024 09:15:24 AM,82630
02/14/2024 09:09:44 AM,02/14/2024 09:10:05 AM,83080
02/14/2024 09:10:05 AM,02/14/2024 12:59:33 PM,83080
02/14/2024 09:11:23 AM,02/14/2024 09:11:33 AM,82786
02/14/2024 09:11:33 AM,02/14/2024 10:37:24 AM,82786
02/14/2024 09:15:24 AM,02/14/2024 09:28:27 AM,82630
02/14/2024 09:16:28 AM,02/14/2024 09:16:33 AM,83027
02/14/2024 09:16:34 AM,02/14/2024 10:52:57 AM,83027
02/14/2024 09:21:52 AM,02/14/2024 09:21:59 AM,82827
02/14/2024 09:22:00 AM,02/14/2024 09:32:36 AM,82827
02/14/2024 09:28:15 AM,02/14/2024 10:19:53 AM,82896
02/14/2024 09:31:45 AM,02/14/2024 09:31:54 AM,84941
02/14/2024 09:31:54 AM,02/14/2024 12:56:49 PM,84941
02/14/2024 09:32:36 AM,02/14/2024 12:00:11 PM,82827
02/14/2024 09:44:28 AM,02/14/2024 09:44:40 AM,82630
02/14/2024 09:44:40 AM,02/14/2024 12:59:33 PM,82630
02/14/2024 10:19:53 AM,02/14/2024 12:59:33 PM,82896
02/14/2024 10:35:09 AM,02/14/2024 10:35:17 AM,82703
02/14/2024 10:35:18 AM,02/14/2024 12:57:48 PM,82703
02/14/2024 10:37:35 AM,02/14/2024 12:56:28 PM,82786
02/14/2024 10:51:48 AM,02/14/2024 10:51:57 AM,82932
02/14/2024 10:51:58 AM,02/14/2024 11:58:31 AM,82932
02/14/2024 10:54:23 AM,02/14/2024 11:04:50 AM,83027
02/14/2024 11:20:21 AM,02/14/2024 12:04:10 PM,82993
02/14/2024 11:25:01 AM,02/14/2024 11:29:00 AM,83013
02/14/2024 11:31:38 AM,02/14/2024 11:46:34 AM,83013
02/14/2024 11:38:58 AM,02/14/2024 11:40:59 AM,83027
02/14/2024 11:40:59 AM,02/14/2024 11:42:13 AM,83027
02/14/2024 11:42:31 AM,02/14/2024 12:52:02 PM,83027
02/14/2024 11:51:56 AM,02/14/2024 11:53:06 AM,83013
02/14/2024 11:53:42 AM,02/14/2024 12:59:33 PM,83013
02/14/2024 12:00:12 PM,02/14/2024 12:42:10 PM,82827
02/14/2024 12:04:10 PM,02/14/2024 12:33:49 PM,82993
02/14/2024 12:12:41 PM,02/14/2024 12:53:38 PM,82932
02/14/2024 09:12:19 AM,02/14/2024 09:28:10 AM,82896
02/14/2024 10:54:41 AM,02/14/2024 11:01:04 AM,83013
02/14/2024 11:01:04 AM,02/14/2024 11:01:50 AM,83013
02/14/2024 11:46:44 AM,02/14/2024 11:51:35 AM,83013
01/29/2024 03:33:11 PM,01/29/2024 06:06:08 PM,84619387804
01/29/2024 03:46:21 PM,01/29/2024 05:15:12 PM,82959
01/29/2024 03:46:38 PM,01/29/2024 06:06:08 PM,83040
01/29/2024 03:48:50 PM,01/29/2024 03:49:01 PM,82963
01/29/2024 03:49:02 PM,01/29/2024 04:01:01 PM,82963
01/29/2024 03:50:05 PM,01/29/2024 03:50:50 PM,83004
01/29/2024 03:50:51 PM,01/29/2024 06:06:08 PM,83004
01/29/2024 03:51:47 PM,01/29/2024 03:52:10 PM,82714
01/29/2024 03:51:54 PM,01/29/2024 03:52:08 PM,81356
01/29/2024 03:52:08 PM,01/29/2024 04:04:40 PM,81356
01/29/2024 03:52:10 PM,01/29/2024 04:36:26 PM,82714
01/29/2024 03:53:38 PM,01/29/2024 03:53:50 PM,82830
01/29/2024 03:53:51 PM,01/29/2024 06:06:08 PM,82830
01/29/2024 03:57:34 PM,01/29/2024 05:57:25 PM,82925
01/29/2024 03:57:38 PM,01/29/2024 06:06:08 PM,82904
01/29/2024 03:58:53 PM,01/29/2024 05:55:50 PM,82688
01/29/2024 03:58:56 PM,01/29/2024 06:02:02 PM,82958
01/29/2024 04:00:10 PM,01/29/2024 04:02:25 PM,83060
01/29/2024 04:00:41 PM,01/29/2024 04:06:42 PM,82759
01/29/2024 04:00:47 PM,01/29/2024 06:02:04 PM,82672
01/29/2024 04:00:49 PM,01/29/2024 04:01:32 PM,82981
01/29/2024 04:00:57 PM,01/29/2024 05:26:34 PM,79034
01/29/2024 04:00:57 PM,01/29/2024 05:57:50 PM,82969
01/29/2024 04:02:00 PM,01/29/2024 06:02:26 PM,82666
01/29/2024 04:02:26 PM,01/29/2024 04:03:55 PM,83060
01/29/2024 04:04:21 PM,01/29/2024 04:05:05 PM,83060
01/29/2024 04:04:35 PM,01/29/2024 05:38:04 PM,83054
01/29/2024 04:04:54 PM,01/29/2024 05:56:36 PM,81502
01/29/2024 04:05:09 PM,01/29/2024 04:05:58 PM,83060
01/29/2024 04:07:25 PM,01/29/2024 06:00:19 PM,82963
01/29/2024 04:08:09 PM,01/29/2024 05:14:25 PM,83066
01/29/2024 04:10:54 PM,01/29/2024 06:06:08 PM,83031
01/29/2024 04:12:46 PM,01/29/2024 04:18:50 PM,83060
01/29/2024 04:17:22 PM,01/29/2024 04:37:27 PM,81356
01/29/2024 04:17:22 PM,01/29/2024 06:01:31 PM,82759
01/29/2024 04:18:51 PM,01/29/2024 04:38:16 PM,83060
01/29/2024 04:36:50 PM,01/29/2024 05:55:23 PM,82714
01/29/2024 04:37:28 PM,01/29/2024 06:06:08 PM,81356
01/29/2024 04:38:45 PM,01/29/2024 04:40:17 PM,83060
01/29/2024 04:55:39 PM,01/29/2024 05:10:55 PM,76919
01/29/2024 05:01:32 PM,01/29/2024 05:14:50 PM,81430
01/29/2024 05:05:15 PM,01/29/2024 06:00:25 PM,82790
01/29/2024 05:10:24 PM,01/29/2024 05:53:52 PM,81969
01/29/2024 05:27:17 PM,01/29/2024 05:52:53 PM,79034
01/29/2024 05:29:16 PM,01/29/2024 06:05:01 PM,83066
01/29/2024 05:39:28 PM,01/29/2024 06:06:08 PM,81049
01/29/2024 05:55:36 PM,01/29/2024 05:57:00 PM,82714
01/29/2024 04:40:23 PM,01/29/2024 05:38:34 PM,83060
01/29/2024 05:38:43 PM,01/29/2024 05:45:44 PM,83060
01/30/2024 03:39:57 PM,01/30/2024 06:03:21 PM,84619387804
01/30/2024 03:46:46 PM,01/30/2024 03:47:03 PM,82830
01/30/2024 03:47:04 PM,01/30/2024 04:30:07 PM,82830
01/30/2024 03:47:09 PM,01/30/2024 03:47:23 PM,83037
01/30/2024 03:47:24 PM,01/30/2024 05:56:23 PM,83037
01/30/2024 03:51:55 PM,01/30/2024 06:02:14 PM,83071
01/30/2024 03:54:41 PM,01/30/2024 06:03:20 PM,82666
01/30/2024 03:55:52 PM,01/30/2024 06:03:20 PM,82904
01/30/2024 03:56:32 PM,01/30/2024 06:00:04 PM,82925
01/30/2024 03:57:23 PM,01/30/2024 04:29:34 PM,82605
01/30/2024 03:57:51 PM,01/30/2024 05:56:05 PM,82963
01/30/2024 03:58:18 PM,01/30/2024 05:54:15 PM,83042
01/30/2024 03:58:19 PM,01/30/2024 05:02:48 PM,83066
01/30/2024 03:58:47 PM,01/30/2024 05:32:44 PM,82714
01/30/2024 04:00:15 PM,01/30/2024 05:52:27 PM,82688
01/30/2024 04:00:57 PM,01/30/2024 05:30:36 PM,79034
01/30/2024 04:01:12 PM,01/30/2024 06:03:20 PM,82790
01/30/2024 04:02:45 PM,01/30/2024 05:53:48 PM,82958
01/30/2024 04:03:20 PM,01/30/2024 06:03:20 PM,72634
01/30/2024 04:07:19 PM,01/30/2024 04:47:04 PM,81356
01/30/2024 04:10:55 PM,01/30/2024 05:58:28 PM,81969
01/30/2024 04:11:36 PM,01/30/2024 04:16:47 PM,82672
01/30/2024 04:19:55 PM,01/30/2024 06:03:20 PM,81049
01/30/2024 04:27:58 PM,01/30/2024 05:54:00 PM,82672
01/30/2024 04:29:38 PM,01/30/2024 05:14:14 PM,82605
01/30/2024 04:30:15 PM,01/30/2024 05:17:39 PM,82830
01/30/2024 04:33:27 PM,01/30/2024 05:53:47 PM,82969
01/30/2024 04:47:05 PM,01/30/2024 06:03:20 PM,81356
01/30/2024 05:04:24 PM,01/30/2024 06:01:05 PM,83066
01/30/2024 05:14:15 PM,01/30/2024 05:15:12 PM,82605
01/30/2024 05:17:24 PM,01/30/2024 06:03:20 PM,82605
01/30/2024 05:30:38 PM,01/30/2024 05:31:22 PM,79034
01/30/2024 05:31:23 PM,01/30/2024 05:40:37 PM,79034
01/30/2024 05:32:45 PM,01/30/2024 05:43:51 PM,82714
01/30/2024 05:44:06 PM,01/30/2024 05:45:09 PM,82714
01/30/2024 05:46:48 PM,01/30/2024 05:51:40 PM,82714
01/30/2024 05:54:02 PM,01/30/2024 05:59:34 PM,82688
01/30/2024 05:55:43 PM,01/30/2024 06:02:19 PM,82714
01/30/2024 05:15:12 PM,01/30/2024 05:17:24 PM,82605
01/30/2024 05:18:58 PM,01/30/2024 05:41:21 PM,82830
01/30/2024 05:40:49 PM,01/30/2024 05:53:45 PM,79034
01/30/2024 05:41:45 PM,01/30/2024 06:03:21 PM,82830
01/31/2024 03:48:27 PM,01/31/2024 05:59:36 PM,81689360782
01/31/2024 03:51:23 PM,01/31/2024 05:59:35 PM,83064
01/31/2024 03:52:32 PM,01/31/2024 05:30:58 PM,82672
01/31/2024 03:52:59 PM,01/31/2024 05:59:35 PM,82830
01/31/2024 03:54:20 PM,01/31/2024 04:02:16 PM,82963
01/31/2024 03:55:32 PM,01/31/2024 05:59:36 PM,82904
01/31/2024 03:56:11 PM,01/31/2024 05:59:36 PM,82714
01/31/2024 03:56:59 PM,01/31/2024 05:59:36 PM,82925
01/31/2024 03:57:29 PM,01/31/2024 05:59:35 PM,83071
01/31/2024 03:58:12 PM,01/31/2024 05:59:03 PM,83037
01/31/2024 03:58:24 PM,01/31/2024 05:59:36 PM,83042
01/31/2024 03:59:40 PM,01/31/2024 05:59:27 PM,82688
01/31/2024 04:00:34 PM,01/31/2024 05:59:35 PM,82666
01/31/2024 04:00:38 PM,01/31/2024 05:59:30 PM,82759
01/31/2024 04:01:05 PM,01/31/2024 05:59:05 PM,82958
01/31/2024 04:01:57 PM,01/31/2024 05:59:36 PM,82969
01/31/2024 04:02:28 PM,01/31/2024 05:59:36 PM,82963
01/31/2024 05:33:27 PM,01/31/2024 05:59:27 PM,82672
02-01-2024 15:43,02-01-2024 18:03,81689360782
02-01-2024 15:45,02-01-2024 15:46,82714
02-01-2024 15:46,02-01-2024 16:28,82714
02-01-2024 15:49,02-01-2024 15:49,83060
02-01-2024 15:49,02-01-2024 17:34,83060
02-01-2024 15:52,02-01-2024 15:53,82925
02-01-2024 15:52,02-01-2024 15:53,82830
02-01-2024 15:53,02-01-2024 18:03,82830
02-01-2024 15:53,02-01-2024 18:01,82925
02-01-2024 15:54,02-01-2024 15:55,83004
02-01-2024 15:55,02-01-2024 17:14,83004
02-01-2024 15:56,02-01-2024 15:56,82672
02-01-2024 15:56,02-01-2024 18:00,82672
02-01-2024 15:56,02-01-2024 15:57,82969
02-01-2024 15:57,02-01-2024 15:57,82904
02-01-2024 15:57,02-01-2024 18:03,82969
02-01-2024 15:57,02-01-2024 18:02,82904
02-01-2024 15:58,02-01-2024 17:54,82958
02-01-2024 15:58,02-01-2024 18:01,82666
02-01-2024 15:59,02-01-2024 18:03,83042
02-01-2024 15:59,02-01-2024 17:58,83071
02-01-2024 16:00,02-01-2024 17:57,83037
02-01-2024 16:00,02-01-2024 17:58,82688
02-01-2024 16:03,02-01-2024 16:45,83064
02-01-2024 16:06,02-01-2024 16:19,82759
02-01-2024 16:19,02-01-2024 17:58,82759
02-01-2024 16:28,02-01-2024 16:31,82714
02-01-2024 16:31,02-01-2024 17:58,82714
02-01-2024 16:41,02-01-2024 16:46,82970
02-01-2024 17:14,02-01-2024 18:01,83004
02-01-2024 16:46,02-01-2024 18:03,82970
02-02-2024 15:45,02-02-2024 18:03,81689360782
02-02-2024 15:52,02-02-2024 17:59,82714
02-02-2024 15:54,02-02-2024 16:54,82925
02-02-2024 15:56,02-02-2024 18:03,82830
02-02-2024 15:57,02-02-2024 18:03,83004
02-02-2024 15:57,02-02-2024 17:07,82904
02-02-2024 15:58,02-02-2024 17:56,82688
02-02-2024 15:59,02-02-2024 17:56,83071
02-02-2024 16:01,02-02-2024 17:17,82666
02-02-2024 16:03,02-02-2024 17:56,82672
02-02-2024 16:04,02-02-2024 17:55,82958
02-02-2024 16:19,02-02-2024 17:55,83042
02-02-2024 16:54,02-02-2024 17:58,82925
02-02-2024 17:08,02-02-2024 17:56,82904
02-05-2024 15:51,02-05-2024 18:01,89302821381
02-05-2024 15:51,02-05-2024 15:52,82925
02-05-2024 15:51,02-05-2024 15:52,828330
02-05-2024 15:52,02-05-2024 18:01,82925
02-05-2024 15:52,02-05-2024 16:14,828330
02-05-2024 15:58,02-05-2024 17:53,83071
02-05-2024 15:58,02-05-2024 18:01,83075
02-05-2024 15:59,02-05-2024 17:45,83042
02-05-2024 16:00,02-05-2024 17:53,82714
02-05-2024 16:01,02-05-2024 18:01,83037
02-05-2024 16:01,02-05-2024 16:06,83004
02-05-2024 16:01,02-05-2024 16:26,82688
02-05-2024 16:04,02-05-2024 17:55,82958
02-05-2024 16:04,02-05-2024 16:06,82759
02-05-2024 16:06,02-05-2024 16:42,83004
02-05-2024 16:15,02-05-2024 16:15,82830
02-05-2024 16:16,02-05-2024 17:52,82830
02-05-2024 16:27,02-05-2024 17:53,82672
02-05-2024 16:33,02-05-2024 17:53,83065
02-05-2024 16:42,02-05-2024 18:01,83004
02-05-2024 15:55,02-05-2024 18:01,83064
02-06-2024 15:53,02-06-2024 18:58,89302821381
02-06-2024 15:53,02-06-2024 18:56,82925
02-06-2024 15:55,02-06-2024 18:58,82830
02-06-2024 15:57,02-06-2024 16:25,83064
02-06-2024 15:58,02-06-2024 17:10,82714
02-06-2024 15:58,02-06-2024 18:56,83071
02-06-2024 15:59,02-06-2024 18:58,83066
02-06-2024 16:01,02-06-2024 18:58,83037
02-06-2024 16:01,02-06-2024 18:58,83004
02-06-2024 16:02,02-06-2024 18:55,83042
02-06-2024 16:04,02-06-2024 17:44,82969
02-06-2024 16:04,02-06-2024 18:56,83031
02-06-2024 16:13,02-06-2024 17:15,83065
02-06-2024 16:40,02-06-2024 18:58,82958
02-06-2024 16:46,02-06-2024 16:57,82759
02-06-2024 17:15,02-06-2024 17:26,83065
02-06-2024 17:29,02-06-2024 18:12,83065
02-06-2024 17:57,02-06-2024 18:58,82969
02-07-2024 15:47,02-07-2024 18:53,89302821381
02-07-2024 15:53,02-07-2024 17:49,82830
02-07-2024 15:53,02-07-2024 18:32,83037
02-07-2024 15:53,02-07-2024 17:54,83042
02-07-2024 15:58,02-07-2024 18:53,82925
02-07-2024 16:01,02-07-2024 16:20,83066
02-07-2024 16:02,02-07-2024 18:52,82958
02-07-2024 16:02,02-07-2024 18:53,82969
02-07-2024 16:05,02-07-2024 18:53,83004
02-07-2024 16:06,02-07-2024 18:53,83064
02-07-2024 16:09,02-07-2024 16:10,82759
02-07-2024 16:10,02-07-2024 18:17,82759
02-07-2024 16:10,02-07-2024 17:41,82672
02-07-2024 17:46,02-07-2024 18:51,82672
02-08-2024 15:50,02-08-2024 19:00,89302821381
02-08-2024 15:50,02-08-2024 15:53,82830
02-08-2024 15:53,02-08-2024 18:46,82830
02-08-2024 15:55,02-08-2024 19:00,82925
02-08-2024 15:56,02-08-2024 19:00,82904
02-08-2024 15:57,02-08-2024 18:59,83037
02-08-2024 15:58,02-08-2024 19:00,83071
02-08-2024 16:00,02-08-2024 18:22,82688
02-08-2024 16:01,02-08-2024 17:28,82666
02-08-2024 16:02,02-08-2024 18:59,82969
02-08-2024 16:02,02-08-2024 18:59,82958
02-08-2024 16:04,02-08-2024 16:53,83042
02-08-2024 16:04,02-08-2024 19:00,83004
02-08-2024 16:06,02-08-2024 18:48,83064
02-08-2024 16:09,02-08-2024 19:00,82672
02-08-2024 16:32,02-08-2024 18:59,82759
02-08-2024 17:28,02-08-2024 17:38,82666
02-08-2024 17:39,02-08-2024 17:45,82666
02-08-2024 18:24,02-08-2024 18:33,82688
02-08-2024 18:36,02-08-2024 18:58,82688
02-08-2024 18:46,02-08-2024 18:59,82830
02-09-2024 15:45,02-09-2024 18:59,89302821381
02-09-2024 15:53,02-09-2024 18:59,83071
02-09-2024 15:55,02-09-2024 18:58,82969
02-09-2024 15:56,02-09-2024 18:59,82830
02-09-2024 15:57,02-09-2024 18:09,83037
02-09-2024 15:58,02-09-2024 16:02,82672
02-09-2024 16:00,02-09-2024 18:59,82958
02-09-2024 16:00,02-09-2024 18:47,82688
02-09-2024 16:00,02-09-2024 18:59,82925
02-09-2024 16:02,02-09-2024 18:59,83004
02-09-2024 16:02,02-09-2024 17:02,82672
02-09-2024 16:03,02-09-2024 17:58,82759
02-12-2024 15:40,02-12-2024 17:59,89302821381
02-12-2024 15:55,02-12-2024 17:59,82830
02-12-2024 15:56,02-12-2024 16:00,83037
02-12-2024 15:57,02-12-2024 17:59,82969
02-12-2024 15:59,02-12-2024 16:31,82688
02-12-2024 16:01,02-12-2024 16:48,83037
02-12-2024 16:03,02-12-2024 17:16,82759
02-12-2024 16:11,02-12-2024 17:59,82925
02-12-2024 16:15,02-12-2024 17:59,83004
02-12-2024 16:16,02-12-2024 17:58,82958
02-12-2024 16:17,02-12-2024 16:35,83066
02-12-2024 16:18,02-12-2024 17:59,83071
02-12-2024 16:48,02-12-2024 17:59,83037
02-12-2024 17:16,02-12-2024 17:18,82759
02/13/2024 03:44:41 PM,02/13/2024 05:56:06 PM,89302821381
02/13/2024 03:48:51 PM,02/13/2024 05:56:05 PM,83004
02/13/2024 03:52:22 PM,02/13/2024 04:53:29 PM,82969
02/13/2024 03:54:48 PM,02/13/2024 05:55:37 PM,82830
02/13/2024 03:54:54 PM,02/13/2024 05:56:05 PM,82925
02/13/2024 03:56:47 PM,02/13/2024 05:56:05 PM,83037
02/13/2024 03:58:00 PM,02/13/2024 05:56:06 PM,83071
02/13/2024 04:03:41 PM,02/13/2024 05:56:05 PM,83064
02/13/2024 04:05:36 PM,02/13/2024 05:55:59 PM,82958
02/13/2024 04:38:39 PM,02/13/2024 05:51:33 PM,82759
02/13/2024 04:56:03 PM,02/13/2024 05:49:10 PM,82969
02/14/2024 03:43:57 PM,02/14/2024 06:05:02 PM,89302821381
02/14/2024 03:44:24 PM,02/14/2024 03:44:50 PM,82830
02/14/2024 03:44:51 PM,02/14/2024 05:49:09 PM,82830
02/14/2024 03:52:39 PM,02/14/2024 06:05:02 PM,83071
02/14/2024 03:56:19 PM,02/14/2024 05:26:43 PM,82969
02/14/2024 03:57:04 PM,02/14/2024 06:03:46 PM,82958
02/14/2024 03:59:51 PM,02/14/2024 05:31:20 PM,83064
02/14/2024 04:01:02 PM,02/14/2024 05:07:43 PM,82904
02/14/2024 04:01:42 PM,02/14/2024 04:47:32 PM,82759
02/14/2024 04:02:32 PM,02/14/2024 04:16:44 PM,83037
02/14/2024 04:05:28 PM,02/14/2024 06:05:02 PM,83004
02/14/2024 04:17:33 PM,02/14/2024 04:33:22 PM,83037
02/14/2024 04:30:40 PM,02/14/2024 06:05:02 PM,82925
02/14/2024 04:33:23 PM,02/14/2024 06:03:58 PM,83037
02/14/2024 05:21:02 PM,02/14/2024 05:22:48 PM,82759
02/14/2024 05:49:59 PM,02/14/2024 06:03:52 PM,82830
02/14/2024 05:49:12 PM,02/14/2024 05:49:58 PM,82830
